"","id_i","druhK_opraveno","druhO_opraveno","pocet"
"731","22-8-17-10-23-69","Leontodon_hispidus","Apis_mellifera",NA
"783","24-8-17-16-26-7","Centaurea_jacea","Apis_mellifera",NA
"3356","19-8-17-14-42-59","Centaurea_jacea","Apis_mellifera",NA
"4119","19-8-21-13-33-75","Centaurea_jacea","Apis_mellifera",NA
"4276","19-8-21-12-2-3","Centaurea_jacea","Apis_mellifera",NA
"6724","19-8-18-17-45-96","Centaurea_jacea","Bombus_lapidarius",NA
"7411","19-8-21-9-52-66","Centaurea_jacea","Bombus_lapidarius",NA
"8647","22-8-17-8-36-80","Trifolium_arvense","Bombus_pascuorum",NA
"8861","19-8-21-13-47-95","Centaurea_jacea","Bombus_pascuorum",NA
"8874","19-8-23-8-19-1","Centaurea_jacea","Bombus_pascuorum",NA
"9005","19-8-21-15-57-L7","Cirsium_palustre","Bombus_pascuorum",NA
"9073","22-8-18-17-46-11","Succisa_pratensis","Bombus_pascuorum",NA
"9210","19-8-22-9-15-91","Centaurea_jacea","Bombus_pascuorum",NA
"11352","24-8-18-7-40-1","Achillea_ptarmica","Calliphoridae",NA
"13074","19-8-22-7-47-L3","Succisa_pratensis","Calliphoridae",NA
"13096","15-8-20-17-47-18","Succisa_pratensis","Calliphoridae",NA
"22549","24-8-18-8-45-52","Achillea_ptarmica","Eristalis_tenax",NA
"22707","22-8-18-17-46-11","Succisa_pratensis","Eristalis_tenax",NA
"23522","22-8-18-17-48-13","Succisa_pratensis","Eristalis_tenax",NA
"24320","22-8-18-17-47-12","Succisa_pratensis","Eristalis_tenax",NA
"24386","22-8-18-17-48-13","Succisa_pratensis","Eristalis_tenax",NA
"24801","19-8-22-12-49-90","Centaurea_jacea","Formicidae",NA
"26283","22-8-18-17-48-13","Succisa_pratensis","Helophilus_hybridus",NA
"26508","22-8-18-17-47-12","Succisa_pratensis","Helophilus_pendulus",NA
"30397","23-8-20-9-13-L4","Achillea_ptarmica","Lycaenidae",NA
"31411","23-8-19-7-40-L4","Plantago_lanceolata","Melanostoma_mellinum",NA
"31501","19-8-22-8-18-73","Plantago_lanceolata","Melanostoma_mellinum",NA
"34490","22-8-17-8-36-80","Daucus_carota","Diptera_mm",NA
"35790","19-8-23-7-11-45","Achillea_ptarmica","Diptera_mm",NA
"36377","19-8-21-9-52-66","Achillea_millefolium","Diptera_mm",NA
"36784","24-8-17-9-37-85","Ranunculus_flammula","Diptera_mmm",NA
"37105","23-8-18-18-37-93","Ranunculus_acris","Diptera_mmm",NA
"37253","22-8-17-13-11-76","Selinum_carvifolia","Diptera_mmm",NA
"39476","16-8-24-14-26-83","Pimpinella_saxifraga","Muscidae",NA
"40091","23-8-18-11-46-11","nic","nic",NA
"40108","22-8-19-9-18-33","nic","nic",NA
"40117","23-8-15-10-24-7","nic","nic",NA
"40119","23-8-17-15-47-46","nic","nic",NA
"40120","19-8-22-10-50-98","nic","nic",NA
"40126","23-8-15-15-17-L1","nic","nic",NA
"40139","23-8-15-8-7-40","nic","nic",NA
"40173","23-8-19-7-36-L1","nic","nic",NA
"40178","24-8-17-0-45-73","nic","nic",NA
"40185","19-8-22-10-57-34","nic","nic",NA
"40263","19-8-21-10-10-75","nic","nic",NA
"40342","19-8-18-19-6-44","nic","nic",NA
"40349","24-8-17-18-58-3","nic","nic",NA
"40369","19-8-22-19-30-35","nic","nic",NA
"40370","24-8-17-6-20-2","nic","nic",NA
"40389","19-8-23-7-30-85","nic","nic",NA
"40391","19-8-18-14-0-L6","nic","nic",NA
"40395","24-8-17-6-52-21","nic","nic",NA
"40412","19-8-21-10-49-L4","nic","nic",NA
"40416","23-8-20-7-26-56","nic","nic",NA
"40488","23-8-15-8-6-38","nic","nic",NA
"40512","19-8-23-7-23-80","nic","nic",NA
"40515","19-8-23-7-29-84","nic","nic",NA
"40531","23-8-14-11-0-98","nic","nic",NA
"40539","22-8-18-8-34-41","nic","nic",NA
"40545","19-8-22-7-23-60","nic","nic",NA
"40576","19-8-18-18-55-35","nic","nic",NA
"40610","19-8-18-17-6-70","nic","nic",NA
"40612","19-8-21-9-45-L10","nic","nic",NA
"40616","19-8-21-9-49-64","nic","nic",NA
"40630","19-8-23-7-22-79","nic","nic",NA
"40632","19-8-21-10-18-81","nic","nic",NA
"40634","19-8-23-7-28-83","nic","nic",NA
"40640","23-8-14-14-39-L3","nic","nic",NA
"40660","23-8-20-7-23-54","nic","nic",NA
"40667","23-8-20-7-29-58","nic","nic",NA
"40681","24-8-17-8-41-L1","nic","nic",NA
"40721","22-8-19-9-30-41","nic","nic",NA
"40809","24-8-16-23-11-5","nic","nic",NA
"40837","19-8-22-10-11-51","nic","nic",NA
"40841","24-8-17-15-41-93","nic","nic",NA
"40847","23-8-19-12-41-72","nic","nic",NA
"40878","19-8-18-14-0-98","nic","nic",NA
"40890","24-8-17-7-3-28","nic","nic",NA
"40891","23-8-17-9-49-33","nic","nic",NA
"40907","19-8-20-14-49-34","nic","nic",NA
"40937","23-8-15-9-29-93","nic","nic",NA
"40946","23-8-15-9-41-L4","nic","nic",NA
"40947","19-8-18-19-1-38","nic","nic",NA
"40956","23-8-15-10-23-L3","nic","nic",NA
"40979","19-8-22-17-33-58","nic","nic",NA
"40990","19-8-21-10-11-76","nic","nic",NA
"40994","23-8-15-11-2-24","nic","nic",NA
"41013","23-8-18-19-20-37","nic","nic",NA
"41035","24-8-17-13-21-24","nic","nic",NA
"41044","19-8-21-12-26-L6","nic","nic",NA
"41050","23-8-15-12-15-71","nic","nic",NA
"41079","23-8-20-8-52-93","nic","nic",NA
"41091","24-8-17-15-50-86","nic","nic",NA
"41102","23-8-15-14-38-5","nic","nic",NA
"41104","23-8-15-14-39-L3","nic","nic",NA
"41117","19-8-23-7-21-78","nic","nic",NA
"41157","23-8-20-12-25-33","nic","nic",NA
"41204","24-8-17-15-35-98","nic","nic",NA
"41210","24-8-17-15-53-84","nic","nic",NA
"41213","24-8-17-0-39-46","nic","nic",NA
"41223","24-8-17-6-22-4","nic","nic",NA
"41252","23-8-16-8-45-55","nic","nic",NA
"41311","19-8-21-15-52-84","nic","nic",NA
"41330","24-8-17-0-33-39","nic","nic",NA
"41333","22-8-17-10-27-14","nic","nic",NA
"41355","23-8-15-10-56-22","nic","nic",NA
"41383","19-8-21-10-48-L5","nic","nic",NA
"41387","23-8-19-7-34-L2","nic","nic",NA
"41390","24-8-18-7-59-L9","nic","nic",NA
"41392","24-8-18-8-7-L2","nic","nic",NA
"41393","19-8-20-14-48-33","nic","nic",NA
"41501","23-8-16-17-2-38","nic","nic",NA
"41520","19-8-22-18-23-85","nic","nic",NA
"41541","22-8-17-16-44-27","nic","nic",NA
"41579","19-8-21-9-43-L6","nic","nic",NA
"41600","24-8-17-6-41-14","nic","nic",NA
"41637","24-8-18-16-2-57","nic","nic",NA
"41668","19-8-18-18-34-34","nic","nic",NA
"41696","24-8-18-18-15-L2","nic","nic",NA
"41702","19-8-21-9-37-L7","nic","nic",NA
"41731","24-8-18-7-16-17","nic","nic",NA
"41733","24-8-18-7-18-15","nic","nic",NA
"41734","19-8-21-10-25-87","nic","nic",NA
"41754","23-8-19-7-42-96","nic","nic",NA
"41794","19-8-21-16-4-41","nic","nic",NA
"41818","23-8-15-12-55-96","nic","nic",NA
"41879","19-8-22-8-58-2","nic","nic",NA
"41934","24-8-17-0-6-22","nic","nic",NA
"41963","22-8-19-9-46-54","nic","nic",NA
"42000","24-8-17-7-32-48","nic","nic",NA
"42004","19-8-22-10-48-25","nic","nic",NA
"42024","24-8-17-9-4-L5","nic","nic",NA
"42064","19-8-22-17-14-L6","nic","nic",NA
"42100","19-8-21-10-27-89","nic","nic",NA
"42105","19-8-21-10-30-92","nic","nic",NA
"42107","23-8-18-19-19-36","nic","nic",NA
"42119","19-8-20-14-47-29","nic","nic",NA
"42135","23-8-19-8-3-81","nic","nic",NA
"42138","19-8-21-12-23-94","nic","nic",NA
"42140","19-8-21-12-27-98","nic","nic",NA
"42183","19-8-22-19-15-20","nic","nic",NA
"42227","23-8-19-10-19-24","nic","nic",NA
"42233","19-8-23-8-5-L3","nic","nic",NA
"42241","19-8-23-8-14-L7","nic","nic",NA
"42246","19-8-23-8-27-4","nic","nic",NA
"42271","24-8-17-14-9-L5","nic","nic",NA
"42300","24-8-17-15-40-94","nic","nic",NA
"42350","19-8-21-13-23-63","nic","nic",NA
"42351","14-8-20-16-37-53","nic","nic","O"
"42376","19-8-18-18-30-96","nic","nic",NA
"42380","24-8-17-17-44-84","nic","nic",NA
"42405","19-8-21-15-48-98","nic","nic",NA
"42445","19-8-21-10-5-72","nic","nic",NA
"42467","19-8-17-15-8-72","nic","nic",NA
"42493","24-8-18-8-37-47","nic","nic",NA
"42528","23-8-20-8-20-80","nic","nic",NA
"42537","19-8-21-10-19-35","nic","nic",NA
"42564","19-8-22-14-12-1","nic","nic",NA
"42582","19-8-21-11-4-79","nic","nic",NA
"42583","19-8-21-11-5-80","nic","nic",NA
"42646","23-8-20-12-55-53","nic","nic",NA
"42649","19-8-22-10-5-44","nic","nic",NA
"42686","24-8-17-6-23-5","nic","nic",NA
"42687","24-8-17-6-24-6","nic","nic",NA
"42751","19-8-21-13-45-92","nic","nic",NA
"42823","23-8-14-13-21-L10","nic","nic",NA
"42825","23-8-18-19-13-26","nic","nic",NA
"42841","19-8-18-11-29-L8","nic","nic",NA
"42854","19-8-18-12-7-L6","nic","nic",NA
"42860","19-8-18-12-13-84","nic","nic",NA
"42905","23-8-20-8-54-95","nic","nic",NA
"42913","23-8-15-12-58-L10","nic","nic",NA
"42916","19-8-22-19-24-26","nic","nic",NA
"42932","23-8-14-16-59-82","nic","nic",NA
"42941","23-8-17-16-39-L3","nic","nic",NA
"42955","19-8-18-14-11-84","nic","nic",NA
"42959","19-8-18-14-15-L7","nic","nic",NA
"43016","22-8-17-17-3-39","nic","nic",NA
"43018","23-8-18-14-15-25","nic","nic",NA
"43033","22-8-19-9-25-38","nic","nic",NA
"43074","19-8-18-17-31-84","nic","nic",NA
"43084","24-8-17-7-13-35","nic","nic",NA
"43088","19-8-18-17-44-95","nic","nic",NA
"43089","23-8-18-16-54-16","nic","nic",NA
"43099","19-8-22-10-51-27","nic","nic",NA
"43103","19-8-18-18-29-98","nic","nic",NA
"43112","19-8-18-18-35-92","nic","nic",NA
"43114","19-8-18-18-37-L5","nic","nic",NA
"43119","23-8-15-9-23-87","nic","nic",NA
"43121","23-8-15-9-24-88","nic","nic",NA
"43123","19-8-18-18-47-L1","nic","nic",NA
"43130","23-8-15-9-34-L6","nic","nic",NA
"43132","23-8-15-9-36-L10","nic","nic",NA
"43157","19-8-18-19-29-58","nic","nic",NA
"43174","23-8-18-18-34-91","nic","nic",NA
"43184","23-8-18-18-56-L4","nic","nic",NA
"43185","19-8-21-10-15-79","nic","nic",NA
"43192","19-8-21-10-24-86","nic","nic",NA
"43203","19-8-21-10-37-L6","nic","nic",NA
"43208","23-8-15-11-41-51","nic","nic",NA
"43213","19-8-21-12-0-L3","nic","nic",NA
"43227","23-8-15-12-5-64","nic","nic",NA
"43234","19-8-21-12-25-96","nic","nic",NA
"43270","23-8-15-12-45-87","nic","nic",NA
"43273","19-8-22-19-8-16","nic","nic",NA
"43288","23-8-15-14-37-4","nic","nic",NA
"43297","24-8-18-10-52-92","nic","nic",NA
"43369","19-8-23-8-56-17","nic","nic",NA
"43374","19-8-22-8-22-76","nic","nic",NA
"43400","23-8-15-16-55-78","nic","nic",NA
"43408","19-8-18-17-4-69","nic","nic",NA
"43434","22-8-18-8-13-23","nic","nic",NA
"43444","24-8-18-15-21-51","nic","nic",NA
"43446","19-8-18-17-38-90","nic","nic",NA
"43492","23-8-16-9-48-98","nic","nic",NA
"43533","19-8-21-9-50-65","nic","nic",NA
"43539","22-8-17-10-53-26","nic","nic",NA
"43544","22-8-17-11-4-32","nic","nic",NA
"43552","19-8-21-10-22-84","nic","nic",NA
"43577","22-8-17-13-23-53","nic","nic",NA
"43681","19-8-21-19-10-L7","nic","nic",NA
"43698","19-8-22-7-16-55","nic","nic",NA
"43726","19-8-22-8-15-70","nic","nic",NA
"43727","19-8-22-8-17-71","nic","nic",NA
"43772","19-8-22-9-34-L3","nic","nic",NA
"43774","19-8-22-9-48-L5","nic","nic",NA
"43783","23-8-15-17-13-92","nic","nic",NA
"43797","19-8-18-9-29-72","nic","nic",NA
"43812","22-8-18-8-29-37","nic","nic",NA
"43813","22-8-18-8-30-38","nic","nic",NA
"43815","22-8-18-8-31-39","nic","nic",NA
"43817","19-8-22-10-38-17","nic","nic",NA
"43836","24-8-18-16-11-63","nic","nic",NA
"43908","22-8-17-11-5-33","nic","nic",NA
"43921","24-8-18-7-20-14","nic","nic",NA
"43947","19-8-18-12-8-98","nic","nic",NA
"44000","19-8-22-9-14-90","nic","nic",NA
"44001","19-8-22-14-0-L6","nic","nic",NA
"44025","22-8-18-13-21-11","nic","nic",NA
"44078","22-8-18-17-34-81","nic","nic",NA
"44080","22-8-18-17-37-84","nic","nic",NA
"44085","19-8-22-9-16-18","nic","nic",NA
"44114","22-8-19-8-26-77","nic","nic",NA
"44116","22-8-19-8-30-73","nic","nic",NA
"44132","24-8-18-13-53-25","nic","nic",NA
"44135","24-8-17-0-46-67","nic","nic",NA
"44142","24-8-17-0-55-91","nic","nic",NA
"44155","23-8-18-16-26-1","nic","nic",NA
"44167","24-8-17-6-57-24","nic","nic",NA
"44210","22-8-18-17-47-92","nic","nic",NA
"44245","19-8-18-19-21-54","nic","nic",NA
"44248","19-8-22-17-7-L5","nic","nic",NA
"44255","19-8-21-9-47-L4","nic","nic",NA
"44266","19-8-21-10-7-73","nic","nic",NA
"44279","23-8-15-11-7-28","nic","nic",NA
"44294","19-8-21-10-36-96","nic","nic",NA
"44298","23-8-19-7-17-L7","nic","nic",NA
"44300","23-8-19-7-26-L10","nic","nic",NA
"44302","19-8-22-18-14-78","nic","nic",NA
"44304","23-8-20-7-18-50","nic","nic",NA
"44309","23-8-19-7-43-92","nic","nic",NA
"44310","23-8-19-7-45-94","nic","nic",NA
"44342","23-8-20-8-13-76","nic","nic",NA
"44364","19-8-22-19-10-17","nic","nic",NA
"44379","23-8-15-14-35-2","nic","nic",NA
"44381","19-8-22-19-25-28","nic","nic",NA
"44389","19-8-23-7-6-39","nic","nic",NA
"44392","19-8-23-7-10-44","nic","nic",NA
"44407","19-8-23-7-31-86","nic","nic",NA
"44413","19-8-23-7-36-91","nic","nic",NA
"44415","19-8-23-7-50-L5","nic","nic",NA
"44422","19-8-21-13-49-15","nic","nic",NA
"44434","23-8-19-7-51-89","nic","nic",NA
"44454","23-8-19-11-58-90","nic","nic",NA
"44455","23-8-19-12-3-88","nic","nic",NA
"44472","24-8-16-23-41-14","nic","nic",NA
"44497","23-8-18-14-51-L2","nic","nic",NA
"44507","24-8-17-6-21-3","nic","nic",NA
"44509","19-8-23-9-51-37","nic","nic",NA
"44520","23-8-18-16-26-2","nic","nic",NA
"44526","23-8-19-13-48-84","nic","nic",NA
"44547","19-8-23-10-15-49","nic","nic",NA
"44554","24-8-17-13-16-22","nic","nic",NA
"44557","19-8-22-18-22-84","nic","nic",NA
"44623","19-8-21-9-46-L5","nic","nic",NA
"44642","19-8-21-10-16-80","nic","nic",NA
"44648","19-8-21-10-26-88","nic","nic",NA
"44664","24-8-18-7-29-2","nic","nic",NA
"44674","23-8-20-7-22-53","nic","nic",NA
"44697","19-8-22-12-53-93","nic","nic",NA
"44725","23-8-20-8-49-90","nic","nic",NA
"44784","19-8-21-11-14-91","nic","nic",NA
"44787","19-8-21-11-17-94","nic","nic",NA
"44788","19-8-21-11-17-95","nic","nic",NA
"44869","23-8-18-15-23-L4","nic","nic",NA
"44870","23-8-18-15-22-L5","nic","nic",NA
"44883","23-8-20-14-44-74","nic","nic",NA
"44901","19-8-18-17-36-88","nic","nic",NA
"44912","19-8-21-13-30-71","nic","nic",NA
"44915","22-8-18-8-37-45","nic","nic",NA
"44917","23-8-20-15-31-94","nic","nic",NA
"44928","19-8-21-13-40-83","nic","nic",NA
"44933","24-8-18-16-12-64","nic","nic",NA
"44937","19-8-21-13-44-89","nic","nic",NA
"44943","19-8-21-13-48-98","nic","nic",NA
"44955","22-8-18-9-27-28","nic","nic",NA
"44958","24-8-18-17-17-84","nic","nic",NA
"45048","19-8-21-15-57-33","nic","nic",NA
"45059","23-8-14-8-45-4","nic","nic",NA
"45081","19-8-22-13-27-L1","nic","nic",NA
"45117","23-8-14-16-54-85","nic","nic",NA
"45121","19-8-21-17-38-72","nic","nic",NA
"45175","19-8-22-9-10-14","nic","nic",NA
"45180","19-8-22-9-19-21","nic","nic",NA
"45182","19-8-22-9-21-23","nic","nic",NA
"45186","19-8-22-9-23-25","nic","nic",NA
"45187","19-8-22-9-25-27","nic","nic",NA
"45189","19-8-22-9-26-28","nic","nic",NA
"45193","19-8-22-9-29-34","nic","nic",NA
"45197","19-8-22-9-33-38","nic","nic",NA
"45200","23-8-15-7-24-12","nic","nic",NA
"45201","23-8-15-7-22-11","nic","nic",NA
"45241","19-8-22-10-34-78","nic","nic",NA
"45250","24-8-17-6-44-16","nic","nic",NA
"45262","19-8-22-10-47-94","nic","nic",NA
"45266","23-8-19-13-56-89","nic","nic",NA
"45267","19-8-22-11-41-2","nic","nic",NA
"45269","23-8-17-9-43-26","nic","nic",NA
"45334","19-8-22-12-36-38","nic","nic",NA
"45348","19-8-17-7-45-11","nic","nic",NA
"45352","23-8-18-18-22-82","nic","nic",NA
"45360","19-8-21-9-56-67","nic","nic",NA
"45366","19-8-17-8-15-29","nic","nic",NA
"45369","23-8-18-18-54-L10","nic","nic",NA
"45370","23-8-18-18-56-L5","nic","nic",NA
"45376","19-8-21-10-22-85","nic","nic",NA
"45381","19-8-22-17-58-69","nic","nic",NA
"45383","23-8-18-19-14-28","nic","nic",NA
"45384","23-8-18-19-16-32","nic","nic",NA
"45392","19-8-21-10-39-98","nic","nic",NA
"45395","24-8-17-10-44-64","nic","nic",NA
"45397","23-8-19-7-34-L3","nic","nic",NA
"45398","23-8-15-11-42-52","nic","nic",NA
"45401","23-8-15-11-46-55","nic","nic",NA
"45403","23-8-19-7-43-95","nic","nic",NA
"45404","23-8-19-7-49-91","nic","nic",NA
"45410","23-8-19-7-57-85","nic","nic",NA
"45417","19-8-21-12-20-91","nic","nic",NA
"45418","19-8-21-12-21-92","nic","nic",NA
"45421","19-8-22-18-37-95","nic","nic",NA
"45453","23-8-15-12-43-84","nic","nic",NA
"45455","23-8-15-12-44-86","nic","nic",NA
"45460","23-8-15-12-49-90","nic","nic",NA
"45461","19-8-17-10-21-89","nic","nic",NA
"45509","19-8-23-7-48-L6","nic","nic",NA
"45510","23-8-19-10-21-26","nic","nic",NA
"45511","23-8-19-10-23-27","nic","nic",NA
"45527","19-8-23-8-29-6","nic","nic",NA
"45612","23-8-15-17-20-98","nic","nic",NA
"45694","24-8-17-18-50-L4","nic","nic",NA
"45719","19-8-21-16-46-L2","nic","nic",NA
"45762","23-8-20-7-15-48","nic","nic",NA
"45782","19-8-23-13-28-L7","nic","nic",NA
"45783","19-8-23-13-30-L8","nic","nic",NA
"45784","24-8-18-8-52-56","nic","nic",NA
"45815","23-8-20-8-28-86","nic","nic",NA
"45820","23-8-20-8-30-91","nic","nic",NA
"45832","23-8-20-9-14-L9","nic","nic",NA
"45848","23-8-20-9-52-6","nic","nic",NA
"45850","23-8-20-11-17-8","nic","nic",NA
"45936","19-8-18-7-37-L2","nic","nic",NA
"45945","19-8-22-9-13-89","nic","nic",NA
"45996","19-8-18-9-46-2","nic","nic",NA
"45997","19-8-18-9-47-3","nic","nic",NA
"46001","23-8-14-11-5-94","nic","nic",NA
"46006","23-8-20-15-25-89","nic","nic",NA
"46009","19-8-21-13-32-74","nic","nic",NA
"46046","24-8-18-17-12-79","nic","nic",NA
"46062","24-8-18-17-27-95","nic","nic",NA
"46068","24-8-18-18-13-L1","nic","nic",NA
"46154","23-8-14-15-29-25","nic","nic",NA
"46162","23-8-14-15-44-33","nic","nic",NA
"46184","23-8-14-16-17-47","nic","nic",NA
"46236","23-8-14-17-19-71","nic","nic",NA
"46237","19-8-18-14-14-L8","nic","nic",NA
"46278","23-8-15-7-12-4","nic","nic",NA
"46280","23-8-15-7-13-5","nic","nic",NA
"46281","23-8-15-7-14-6","nic","nic",NA
"46282","23-8-15-7-15-L2","nic","nic",NA
"46285","19-8-22-9-27-32","nic","nic",NA
"46299","24-8-16-23-49-17","nic","nic",NA
"46312","24-8-18-17-24-92","nic","nic",NA
"46323","23-8-15-8-5-37","nic","nic",NA
"46358","19-8-22-10-48-96","nic","nic",NA
"46385","19-8-18-18-28-L6","nic","nic",NA
"46394","19-8-18-18-36-91","nic","nic",NA
"46396","24-8-17-8-59-L8","nic","nic",NA
"46399","24-8-17-9-3-L10","nic","nic",NA
"46409","23-8-15-9-33-96","nic","nic",NA
"46412","23-8-15-9-35-98","nic","nic",NA
"46413","23-8-15-9-39-L5","nic","nic",NA
"46423","23-8-15-10-22-L2","nic","nic",NA
"46433","19-8-18-19-20-53","nic","nic",NA
"46440","19-8-21-9-33-L1","nic","nic",NA
"46446","19-8-22-17-33-57","nic","nic",NA
"46448","23-8-15-10-45-17","nic","nic",NA
"46451","23-8-15-10-49-19","nic","nic",NA
"46454","24-8-17-10-19-71","nic","nic",NA
"46455","23-8-18-18-35-92","nic","nic",NA
"46461","23-8-18-18-41-98","nic","nic",NA
"46464","19-8-17-8-23-36","nic","nic",NA
"46467","23-8-18-18-59-L2","nic","nic",NA
"46472","23-8-15-11-11-34","nic","nic",NA
"46476","19-8-21-10-29-91","nic","nic",NA
"46478","19-8-21-10-32-93","nic","nic",NA
"46483","23-8-15-11-35-46","nic","nic",NA
"46500","19-8-21-12-9-L6","nic","nic",NA
"46509","19-8-21-12-18-89","nic","nic",NA
"46514","19-8-21-12-24-95","nic","nic",NA
"46568","23-8-15-14-35-3","nic","nic",NA
"46583","23-8-15-14-48-L2","nic","nic",NA
"46671","23-8-15-16-45-72","nic","nic",NA
"46690","23-8-15-17-4-84","nic","nic",NA
"46696","23-8-15-17-8-89","nic","nic",NA
"46704","23-8-15-17-16-95","nic","nic",NA
"46705","23-8-15-17-19-L6","nic","nic",NA
"46708","23-8-15-17-21-L10","nic","nic",NA
"46727","19-8-21-15-9-57","nic","nic",NA
"46747","24-8-17-17-39-80","nic","nic",NA
"46769","19-8-21-15-33-70","nic","nic",NA
"46778","24-8-17-18-35-L3","nic","nic",NA
"46782","24-8-17-18-38-L7","nic","nic",NA
"46785","23-8-16-10-4-83","nic","nic",NA
"46810","23-8-16-10-43-6","nic","nic",NA
"46816","19-8-21-17-0-1","nic","nic",NA
"46822","22-8-17-10-56-28","nic","nic",NA
"46823","22-8-17-10-57-29","nic","nic",NA
"46829","23-8-16-10-57-15","nic","nic",NA
"46835","22-8-17-11-16-39","nic","nic",NA
"46856","22-8-17-13-22-52","nic","nic",NA
"46865","19-8-21-17-29-16","nic","nic",NA
"46873","23-8-20-7-45-64","nic","nic",NA
"46881","23-8-16-14-5-88","nic","nic",NA
"46912","19-8-17-16-4-L8","nic","nic",NA
"46952","19-8-21-18-44-76","nic","nic",NA
"46973","19-8-22-7-11-50","nic","nic",NA
"46976","19-8-22-7-13-53","nic","nic",NA
"46978","19-8-22-7-14-54","nic","nic",NA
"46994","19-8-22-7-40-L7","nic","nic",NA
"47001","22-8-17-16-30-20","nic","nic",NA
"47005","19-8-22-8-13-68","nic","nic",NA
"47006","19-8-22-8-15-69","nic","nic",NA
"47017","23-8-20-12-52-51","nic","nic",NA
"47022","19-8-21-12-36-19","nic","nic",NA
"47038","19-8-21-12-50-28","nic","nic",NA
"47067","22-8-18-8-2-17","nic","nic",NA
"47074","19-8-22-10-4-7","nic","nic",NA
"47089","23-8-17-9-48-32","nic","nic",NA
"47090","23-8-17-9-50-34","nic","nic",NA
"47094","23-8-17-9-53-38","nic","nic",NA
"47097","19-8-22-10-19-16","nic","nic",NA
"47107","23-8-17-11-10-47","nic","nic",NA
"47113","19-8-22-10-54-32","nic","nic",NA
"47116","22-8-18-8-49-53","nic","nic",NA
"47117","22-8-18-8-50-54","nic","nic",NA
"47129","22-8-18-8-58-60","nic","nic",NA
"47131","24-8-18-16-25-74","nic","nic",NA
"47139","19-8-22-11-34-46","nic","nic",NA
"47145","19-8-22-11-39-50","nic","nic",NA
"47205","23-8-17-13-36-L6","nic","nic",NA
"47223","22-8-18-10-35-71","nic","nic",NA
"47258","23-8-17-14-35-71","nic","nic",NA
"47284","23-8-20-9-1-L10","nic","nic",NA
"47289","23-8-15-12-57-98","nic","nic",NA
"47294","23-8-14-16-43-94","nic","nic",NA
"47301","23-8-17-15-43-49","nic","nic",NA
"47321","23-8-17-16-45-8","nic","nic",NA
"47322","22-8-18-13-38-23","nic","nic",NA
"47323","22-8-18-13-40-24","nic","nic",NA
"47327","22-8-18-17-10-65","nic","nic",NA
"47335","19-8-21-17-54-89","nic","nic",NA
"47362","22-8-18-17-41-87","nic","nic",NA
"47364","22-8-18-17-42-88","nic","nic",NA
"47365","23-8-18-13-50-13","nic","nic",NA
"47367","24-8-16-23-3-2","nic","nic",NA
"47384","24-8-16-23-23-11","nic","nic",NA
"47385","22-8-19-8-9-68","nic","nic",NA
"47396","23-8-18-14-23-32","nic","nic",NA
"47402","23-8-18-14-36-38","nic","nic",NA
"47410","23-8-18-14-44-45","nic","nic",NA
"47412","24-8-17-0-37-45","nic","nic",NA
"47425","23-8-18-16-9-L1","nic","nic",NA
"47432","23-8-18-16-20-L10","nic","nic",NA
"47435","23-8-18-16-21-L4","nic","nic",NA
"47448","24-8-17-6-59-25","nic","nic",NA
"47449","19-8-22-10-46-93","nic","nic",NA
"47455","19-8-18-17-37-89","nic","nic",NA
"47461","23-8-18-16-53-15","nic","nic",NA
"47463","24-8-17-7-24-41","nic","nic",NA
"47507","22-8-19-11-45-18","nic","nic",NA
"47532","19-8-22-17-20-L7","nic","nic",NA
"47541","23-8-18-18-25-85","nic","nic",NA
"47542","23-8-18-18-29-86","nic","nic",NA
"47545","19-8-21-9-58-68","nic","nic",NA
"47547","19-8-17-8-8-25","nic","nic",NA
"47559","23-8-15-11-5-27","nic","nic",NA
"47565","23-8-18-19-12-25","nic","nic",NA
"47566","23-8-15-11-12-35","nic","nic",NA
"47567","23-8-15-11-15-37","nic","nic",NA
"47572","19-8-22-18-4-72","nic","nic",NA
"47575","23-8-18-19-19-35","nic","nic",NA
"47580","23-8-19-7-23-L6","nic","nic",NA
"47581","23-8-19-7-29-L5","nic","nic",NA
"47584","23-8-15-11-43-53","nic","nic",NA
"47587","23-8-19-7-40-98","nic","nic",NA
"47593","24-8-17-10-52-61","nic","nic",NA
"47597","23-8-19-7-58-84","nic","nic",NA
"47598","19-8-22-18-25-87","nic","nic",NA
"47599","19-8-21-12-14-L4","nic","nic",NA
"47601","19-8-22-18-25-88","nic","nic",NA
"47602","19-8-22-18-27-89","nic","nic",NA
"47612","23-8-15-12-16-72","nic","nic",NA
"47636","24-8-17-18-43-L8","nic","nic",NA
"47648","23-8-15-12-50-91","nic","nic",NA
"47658","19-8-22-19-23-25","nic","nic",NA
"47662","19-8-22-19-26-29","nic","nic",NA
"47663","19-8-22-19-27-32","nic","nic",NA
"47669","19-8-21-10-44-58","nic","nic",NA
"47676","23-8-19-9-57-15","nic","nic",NA
"47684","19-8-23-7-26-82","nic","nic",NA
"47690","22-8-18-13-42-25","nic","nic",NA
"47691","19-8-23-7-34-89","nic","nic",NA
"47701","19-8-23-8-5-L2","nic","nic",NA
"47703","19-8-23-8-9-L9","nic","nic",NA
"47709","23-8-19-10-56-L5","nic","nic",NA
"47711","23-8-19-10-59-L6","nic","nic",NA
"47721","23-8-19-11-31-4","nic","nic",NA
"47722","24-8-17-13-22-L1","nic","nic",NA
"47727","23-8-19-11-50-96","nic","nic",NA
"47735","24-8-17-14-2-L7","nic","nic",NA
"47737","23-8-19-12-4-87","nic","nic",NA
"47740","24-8-17-14-38-1","nic","nic",NA
"47741","24-8-17-14-39-2","nic","nic",NA
"47744","19-8-23-8-53-15","nic","nic",NA
"47785","19-8-23-9-23-26","nic","nic",NA
"47848","19-8-20-13-52-67","nic","nic",NA
"47850","19-8-20-14-7-2","nic","nic",NA
"47853","19-8-23-10-43-59","nic","nic",NA
"47868","23-8-19-15-24-46","nic","nic",NA
"47869","23-8-16-9-53-93","nic","nic",NA
"47870","19-8-21-15-48-L6","nic","nic",NA
"47871","23-8-16-9-57-90","nic","nic",NA
"47899","19-8-21-16-40-L8","nic","nic",NA
"47914","19-8-20-14-29-15","nic","nic",NA
"47940","19-8-23-12-27-89","nic","nic",NA
"47950","23-8-20-7-16-49","nic","nic",NA
"47952","23-8-20-7-19-51","nic","nic",NA
"47954","24-8-18-8-4-L6","nic","nic",NA
"47957","24-8-18-8-35-45","nic","nic",NA
"47965","23-8-20-7-43-63","nic","nic",NA
"47973","24-8-18-8-55-58","nic","nic",NA
"48000","23-8-20-8-26-84","nic","nic",NA
"48004","23-8-20-8-30-88","nic","nic",NA
"48017","23-8-17-14-52-59","nic","nic",NA
"48050","19-8-21-19-1-81","nic","nic",NA
"48055","19-8-21-19-11-L8","nic","nic",NA
"48064","23-8-20-11-44-17","nic","nic",NA
"48068","23-8-20-11-49-19","nic","nic",NA
"48074","19-8-21-12-1-2","nic","nic",NA
"48089","19-8-22-7-46-L2","nic","nic",NA
"48099","23-8-20-12-41-45","nic","nic",NA
"48104","19-8-18-7-10-88","nic","nic",NA
"48109","24-8-18-13-23-17","nic","nic",NA
"48133","23-8-17-8-40-L6","nic","nic",NA
"48142","24-8-18-13-52-24","nic","nic",NA
"48209","23-8-19-12-8-84","nic","nic",NA
"48245","22-8-19-8-18-75","nic","nic",NA
"48264","23-8-18-14-29-37","nic","nic",NA
"48287","19-8-22-19-7-15","nic","nic",NA
"48288","19-8-22-7-11-51","nic","nic",NA
"48320","23-8-19-12-6-86","nic","nic",NA
"48437","19-8-18-14-48-2","nic","nic",NA
"48445","23-8-18-14-24-33","nic","nic",NA
"48447","23-8-18-14-25-34","nic","nic",NA
"48475","22-8-19-8-15-72","nic","nic",NA
"48480","19-8-22-18-24-86","nic","nic",NA
"48511","19-8-18-19-2-39","nic","nic",NA
"48514","23-8-18-14-15-24","nic","nic",NA
"48543","19-8-22-18-7-75","nic","nic",NA
"48550","19-8-23-8-13-L8","nic","nic",NA
"48552","19-8-18-17-40-92","nic","nic",NA
"48586","23-8-15-11-40-50","nic","nic",NA
"48603","23-8-19-7-59-83","nic","nic",NA
"48613","19-8-18-17-16-50","nic","nic",NA
"48629","24-8-16-23-45-15","nic","nic",NA
"48660","24-8-17-14-3-L8","nic","nic",NA
"48679","23-8-20-7-24-55","nic","nic",NA
"48710","19-8-23-12-49-L6","nic","nic",NA
"48752","19-8-22-10-18-15","nic","nic",NA
"48778","23-8-15-15-18-24","nic","nic",NA
"48825","19-8-22-18-6-74","nic","nic",NA
"48883","22-8-19-8-14-71","nic","nic",NA
"48950","23-8-19-7-19-L8","nic","nic",NA
"48998","19-8-21-10-4-71","nic","nic",NA
"49009","19-8-21-10-13-77","nic","nic",NA
"49013","19-8-21-10-14-78","nic","nic",NA
"49018","19-8-18-14-2-96","nic","nic",NA
"49041","19-8-23-12-46-95","nic","nic",NA
"49043","19-8-23-12-58-98","nic","nic",NA
"49045","19-8-23-8-22-2","nic","nic",NA
"49055","23-8-19-11-36-6","nic","nic",NA
"49102","24-8-17-15-39-95","nic","nic",NA
"49103","24-8-17-0-40-66","nic","nic",NA
"49111","23-8-20-9-12-L7","nic","nic",NA
"49133","23-8-19-18-13-1","nic","nic",NA
"49134","23-8-15-14-52-11","nic","nic",NA
"49146","19-8-23-7-33-88","nic","nic",NA
"49224","24-8-17-15-42-92","nic","nic",NA
"49279","19-8-18-17-35-87","nic","nic",NA
"49317","24-8-18-16-24-73","nic","nic",NA
"49381","24-8-18-7-5-26","nic","nic",NA
"49395","19-8-18-11-14-L6","nic","nic",NA
"49403","19-8-18-11-31-L7","nic","nic",NA
"49422","19-8-18-12-23-L8","nic","nic",NA
"49442","23-8-14-15-42-32","nic","nic",NA
"49465","23-8-14-16-19-48","nic","nic",NA
"49483","23-8-14-16-44-93","nic","nic",NA
"49507","23-8-14-17-10-76","nic","nic",NA
"49551","23-8-14-17-47-53","nic","nic",NA
"49559","24-8-16-23-12-6","nic","nic",NA
"49560","23-8-15-7-11-L3","nic","nic",NA
"49568","19-8-22-9-30-35","nic","nic",NA
"49569","22-8-18-17-57-98","nic","nic",NA
"49571","23-8-15-16-12-62","nic","nic",NA
"49586","19-8-22-10-11-52","nic","nic",NA
"49590","19-8-18-16-53-63","nic","nic",NA
"49591","19-8-18-16-54-64","nic","nic",NA
"49595","23-8-15-7-57-27","nic","nic",NA
"49596","23-8-15-7-59-L8","nic","nic",NA
"49602","23-8-18-14-53-L1","nic","nic",NA
"49603","23-8-18-14-55-L9","nic","nic",NA
"49610","19-8-22-10-28-72","nic","nic",NA
"49611","19-8-18-17-13-75","nic","nic",NA
"49618","19-8-18-17-19-78","nic","nic",NA
"49619","23-8-18-16-17-L6","nic","nic",NA
"49629","23-8-15-8-36-60","nic","nic",NA
"49630","24-8-17-6-49-19","nic","nic",NA
"49634","23-8-15-8-47-64","nic","nic",NA
"49636","19-8-18-17-32-85","nic","nic",NA
"49649","23-8-15-9-1-73","nic","nic",NA
"49660","19-8-18-18-12-L1","nic","nic",NA
"49667","24-8-17-8-29-L10","nic","nic",NA
"49669","19-8-18-18-31-97","nic","nic",NA
"49672","24-8-17-8-38-L3","nic","nic",NA
"49677","24-8-17-8-58-L7","nic","nic",NA
"49680","23-8-15-9-22-86","nic","nic",NA
"49683","19-8-18-18-45-L2","nic","nic",NA
"49684","23-8-15-9-26-90","nic","nic",NA
"49687","19-8-18-18-51-L8","nic","nic",NA
"49695","24-8-17-9-25-91","nic","nic",NA
"49696","23-8-15-10-17-2","nic","nic",NA
"49697","24-8-17-9-26-90","nic","nic",NA
"49699","19-8-18-19-5-L1","nic","nic",NA
"49705","19-8-22-12-26-34","nic","nic",NA
"49710","24-8-17-9-45-81","nic","nic",NA
"49719","19-8-21-9-30-L3","nic","nic",NA
"49721","22-8-19-14-14-32","nic","nic",NA
"49722","19-8-21-9-35-L9","nic","nic",NA
"49723","19-8-21-9-41-84","nic","nic",NA
"49727","23-8-18-18-24-84","nic","nic",NA
"49730","19-8-17-7-56-20","nic","nic",NA
"49732","23-8-18-18-32-89","nic","nic",NA
"49739","23-8-18-18-38-94","nic","nic",NA
"49741","23-8-18-18-40-96","nic","nic",NA
"49752","23-8-15-11-10-33","nic","nic",NA
"49757","19-8-17-8-38-45","nic","nic",NA
"49764","19-8-17-8-49-50","nic","nic",NA
"49782","23-8-19-7-53-88","nic","nic",NA
"49790","23-8-19-8-4-80","nic","nic",NA
"49797","19-8-22-18-38-96","nic","nic",NA
"49853","19-8-22-19-28-33","nic","nic",NA
"49857","19-8-23-7-3-37","nic","nic",NA
"49883","19-8-23-8-37-92","nic","nic",NA
"49887","23-8-15-15-21-27","nic","nic",NA
"49888","23-8-15-15-23-28","nic","nic",NA
"49898","23-8-19-10-57-L10","nic","nic",NA
"49921","23-8-15-16-2-54","nic","nic",NA
"49924","24-8-17-14-6-L6","nic","nic",NA
"49927","19-8-18-7-9-87","nic","nic",NA
"49928","23-8-14-9-9-15","nic","nic",NA
"49934","19-8-22-7-28-80","nic","nic",NA
"49970","23-8-15-17-3-83","nic","nic",NA
"49975","23-8-15-17-7-88","nic","nic",NA
"49976","22-8-17-8-22-88","nic","nic",NA
"49984","19-8-21-14-53-50","nic","nic",NA
"49986","23-8-15-17-18-96","nic","nic",NA
"50000","23-8-16-8-44-54","nic","nic",NA
"50002","23-8-16-8-46-56","nic","nic",NA
"50017","23-8-16-8-56-64","nic","nic",NA
"50023","19-8-23-10-25-54","nic","nic",NA
"50026","19-8-21-15-20-63","nic","nic",NA
"50036","23-8-16-9-11-71","nic","nic",NA
"50042","24-8-17-17-54-93","nic","nic",NA
"50049","24-8-17-18-9-L3","nic","nic",NA
"50054","19-8-21-15-39-L5","nic","nic",NA
"50056","24-8-17-18-19-L10","nic","nic",NA
"50057","23-8-16-9-50-96","nic","nic",NA
"50061","24-8-17-18-38-L1","nic","nic",NA
"50064","24-8-17-18-46-L6","nic","nic",NA
"50069","23-8-19-15-39-35","nic","nic",NA
"50082","23-8-16-10-21-L4","nic","nic",NA
"50083","23-8-19-17-22-45","nic","nic",NA
"50090","23-8-16-10-42-L2","nic","nic",NA
"50098","24-8-18-6-54-38","nic","nic",NA
"50105","24-8-18-7-0-32","nic","nic",NA
"50112","23-8-16-11-4-17","nic","nic",NA
"50130","23-8-16-11-23-28","nic","nic",NA
"50144","23-8-13-12-45-84","nic","nic",NA
"50152","23-8-16-13-57-L6","nic","nic",NA
"50154","23-8-16-13-58-96","nic","nic",NA
"50227","19-8-21-18-51-72","nic","nic",NA
"50228","19-8-21-18-51-73","nic","nic",NA
"50230","22-8-17-15-52-1","nic","nic",NA
"50235","19-8-21-18-57-78","nic","nic",NA
"50237","19-8-21-19-0-80","nic","nic",NA
"50241","19-8-21-19-4-84","nic","nic",NA
"50247","23-8-16-17-1-39","nic","nic",NA
"50254","19-8-21-19-24-L10","nic","nic",NA
"50255","23-8-16-17-6-34","nic","nic",NA
"50269","19-8-17-17-43-29","nic","nic",NA
"50275","19-8-22-7-42-L9","nic","nic",NA
"50281","19-8-22-7-52-L5","nic","nic",NA
"50285","19-8-22-8-12-67","nic","nic",NA
"50297","19-8-22-8-26-79","nic","nic",NA
"50302","19-8-18-7-16-94","nic","nic",NA
"50309","19-8-22-8-59-L7","nic","nic",NA
"50310","23-8-14-9-33-28","nic","nic",NA
"50320","23-8-17-8-38-L10","nic","nic",NA
"50321","24-8-17-0-13-25","nic","nic",NA
"50322","24-8-17-0-16-26","nic","nic",NA
"50332","19-8-22-9-33-L2","nic","nic",NA
"50339","24-8-18-13-58-28","nic","nic",NA
"50355","19-8-22-10-5-8","nic","nic",NA
"50366","22-8-18-8-22-32","nic","nic",NA
"50369","23-8-17-9-47-L8","nic","nic",NA
"50380","23-8-20-15-24-88","nic","nic",NA
"50382","23-8-17-10-4-2","nic","nic",NA
"50393","19-8-22-10-52-28","nic","nic",NA
"50394","23-8-17-11-16-51","nic","nic",NA
"50396","22-8-18-8-48-52","nic","nic",NA
"50399","23-8-17-11-21-56","nic","nic",NA
"50436","24-8-18-17-26-94","nic","nic",NA
"50475","19-8-18-11-0-91","nic","nic",NA
"50486","23-8-17-13-36-98","nic","nic",NA
"50537","19-8-18-10-25-17","nic","nic",NA
"50545","19-8-22-13-21-L7","nic","nic",NA
"50554","23-8-18-18-1-72","nic","nic",NA
"50569","22-8-18-13-3-1","nic","nic",NA
"50590","22-8-18-13-25-14","nic","nic",NA
"50599","23-8-17-16-42-L2","nic","nic",NA
"50614","19-8-21-17-51-85","nic","nic",NA
"50622","22-8-18-17-20-72","nic","nic",NA
"50645","19-8-22-9-15-17","nic","nic",NA
"50655","19-8-22-8-17-72","nic","nic",NA
"50675","23-8-18-14-20-28","nic","nic",NA
"50677","23-8-18-14-21-29","nic","nic",NA
"50684","24-8-17-0-12-24","nic","nic",NA
"50690","23-8-15-7-57-28","nic","nic",NA
"50700","22-8-19-9-36-47","nic","nic",NA
"50701","19-8-22-10-27-70","nic","nic",NA
"50702","24-8-17-0-50-96","nic","nic",NA
"50710","24-8-17-6-26-7","nic","nic",NA
"50713","23-8-15-8-24-53","nic","nic",NA
"50714","23-8-15-8-23-52","nic","nic",NA
"50718","19-8-22-10-38-83","nic","nic",NA
"50731","23-8-19-13-55-88","nic","nic",NA
"50732","19-8-22-10-47-95","nic","nic",NA
"50744","23-8-18-16-56-17","nic","nic",NA
"50747","22-8-19-10-23-85","nic","nic",NA
"50748","24-8-17-7-28-46","nic","nic",NA
"50769","24-8-17-8-57-L9","nic","nic",NA
"50773","24-8-17-9-2-L6","nic","nic",NA
"50793","19-8-22-12-19-27","nic","nic",NA
"50794","24-8-17-9-35-86","nic","nic",NA
"50800","24-8-17-9-39-84","nic","nic",NA
"50809","23-8-18-18-14-78","nic","nic",NA
"50810","19-8-17-7-35-4","nic","nic",NA
"50817","19-8-21-9-38-L8","nic","nic",NA
"50844","23-8-18-19-3-L8","nic","nic",NA
"50850","23-8-15-11-16-38","nic","nic",NA
"50864","19-8-17-8-57-54","nic","nic",NA
"50865","19-8-17-8-57-55","nic","nic",NA
"50869","19-8-17-9-0-57","nic","nic",NA
"50875","19-8-17-9-13-63","nic","nic",NA
"50886","19-8-17-9-32-70","nic","nic",NA
"50888","24-8-17-11-18-L1","nic","nic",NA
"50891","19-8-22-18-39-98","nic","nic",NA
"50907","19-8-21-13-0-L7","nic","nic",NA
"50910","24-8-17-12-18-1","nic","nic",NA
"50915","19-8-22-18-59-11","nic","nic",NA
"50922","23-8-15-12-44-85","nic","nic",NA
"50953","19-8-23-7-7-40","nic","nic",NA
"50981","23-8-19-10-26-29","nic","nic",NA
"50984","23-8-19-10-30-L9","nic","nic",NA
"51007","23-8-19-11-48-98","nic","nic",NA
"51011","24-8-17-13-54-L3","nic","nic",NA
"51017","23-8-20-12-42-46","nic","nic",NA
"51024","19-8-18-7-13-91","nic","nic",NA
"51031","23-8-16-17-47-8","nic","nic",NA
"51044","23-8-15-16-44-71","nic","nic",NA
"51045","19-8-21-12-46-25","nic","nic",NA
"51050","19-8-22-10-15-57","nic","nic",NA
"51060","24-8-17-15-55-82","nic","nic",NA
"51061","24-8-17-15-56-81","nic","nic",NA
"51062","24-8-17-15-57-80","nic","nic",NA
"51066","23-8-15-17-5-85","nic","nic",NA
"51085","23-8-19-13-44-81","nic","nic",NA
"51086","23-8-19-13-46-82","nic","nic",NA
"51106","19-8-21-13-27-68","nic","nic",NA
"51108","23-8-14-11-6-93","nic","nic",NA
"51113","19-8-20-13-47-63","nic","nic",NA
"51120","19-8-21-15-21-64","nic","nic",NA
"51130","24-8-17-17-47-87","nic","nic",NA
"51155","23-8-16-10-0-88","nic","nic",NA
"51166","23-8-19-17-14-38","nic","nic",NA
"51193","24-8-18-6-55-37","nic","nic",NA
"51196","19-8-20-14-30-16","nic","nic",NA
"51197","19-8-20-14-31-17","nic","nic",NA
"51201","24-8-18-7-3-27","nic","nic",NA
"51222","23-8-19-18-36-15","nic","nic",NA
"51223","19-8-23-12-40-91","nic","nic",NA
"51237","23-8-13-12-45-83","nic","nic",NA
"51243","19-8-20-14-51-37","nic","nic",NA
"51244","24-8-18-8-33-51","nic","nic",NA
"51251","23-8-16-14-1-92","nic","nic",NA
"51281","24-8-18-9-27-72","nic","nic",NA
"51283","19-8-21-10-18-33","nic","nic",NA
"51284","19-8-21-10-19-34","nic","nic",NA
"51286","23-8-20-8-27-89","nic","nic",NA
"51291","23-8-20-8-53-94","nic","nic",NA
"51300","19-8-21-10-35-49","nic","nic",NA
"51302","19-8-21-10-36-51","nic","nic",NA
"51303","23-8-20-9-20-L1","nic","nic",NA
"51307","24-8-18-10-44-85","nic","nic",NA
"51312","19-8-21-10-48-61","nic","nic",NA
"51320","19-8-21-10-54-68","nic","nic",NA
"51321","19-8-21-10-56-70","nic","nic",NA
"51326","24-8-18-11-35-1","nic","nic",NA
"51327","19-8-21-11-1-76","nic","nic",NA
"51333","19-8-21-11-6-81","nic","nic",NA
"51337","19-8-21-11-8-83","nic","nic",NA
"51338","19-8-21-11-9-84","nic","nic",NA
"51343","23-8-20-11-41-15","nic","nic",NA
"51345","19-8-21-11-14-90","nic","nic",NA
"51352","23-8-16-17-8-32","nic","nic",NA
"51354","23-8-13-14-16-35","nic","nic",NA
"51372","23-8-20-12-34-38","nic","nic",NA
"51376","19-8-21-12-21-11","nic","nic",NA
"51377","19-8-18-6-59-79","nic","nic",NA
"51379","19-8-18-7-2-81","nic","nic",NA
"51381","23-8-18-13-57-16","nic","nic",NA
"51384","22-8-17-16-40-25","nic","nic",NA
"51386","23-8-16-17-40-11","nic","nic",NA
"51407","19-8-18-7-41-2","nic","nic",NA
"51413","19-8-22-10-15-56","nic","nic",NA
"51427","19-8-18-8-46-L6","nic","nic",NA
"51440","19-8-21-13-10-50","nic","nic",NA
"51448","24-8-18-14-54-39","nic","nic",NA
"51453","24-8-18-14-59-44","nic","nic",NA
"51464","19-8-21-13-24-64","nic","nic",NA
"51468","23-8-17-9-52-37","nic","nic",NA
"51473","23-8-14-11-13-88","nic","nic",NA
"51474","19-8-21-13-31-72","nic","nic",NA
"51477","23-8-17-11-8-45","nic","nic",NA
"51480","23-8-20-15-30-93","nic","nic",NA
"51490","19-8-21-13-41-84","nic","nic",NA
"51498","19-8-21-13-44-90","nic","nic",NA
"51512","24-8-18-17-2-78","nic","nic",NA
"51515","19-8-21-14-56-L7","nic","nic",NA
"51516","24-8-18-17-14-81","nic","nic",NA
"51519","19-8-21-15-6-L10","nic","nic",NA
"51520","19-8-21-14-58-L4","nic","nic",NA
"51523","24-8-18-17-20-88","nic","nic",NA
"51529","23-8-14-11-48-72","nic","nic",NA
"51530","23-8-14-11-49-71","nic","nic",NA
"51531","24-8-18-17-28-96","nic","nic",NA
"51534","24-8-18-17-35-L7","nic","nic",NA
"51579","23-8-14-14-42-L2","nic","nic",NA
"51607","19-8-21-15-55-29","nic","nic",NA
"51669","19-8-21-17-28-64","nic","nic",NA
"51696","19-8-18-14-3-95","nic","nic",NA
"51715","19-8-21-17-56-91","nic","nic",NA
"51718","19-8-21-17-59-95","nic","nic",NA
"51721","19-8-21-18-0-98","nic","nic",NA
"51726","19-8-22-9-4-7","nic","nic",NA
"51738","23-8-14-17-46-54","nic","nic",NA
"51743","23-8-15-7-8-1","nic","nic",NA
"51744","24-8-16-23-7-4","nic","nic",NA
"51752","19-8-22-8-20-74","nic","nic",NA
"51754","24-8-17-14-40-3","nic","nic",NA
"51756","19-8-22-8-25-78","nic","nic",NA
"51757","22-8-17-16-51-32","nic","nic",NA
"51761","23-8-15-16-34-64","nic","nic",NA
"51769","19-8-22-10-9-49","nic","nic",NA
"51773","19-8-18-7-40-1","nic","nic",NA
"51777","19-8-22-9-10-86","nic","nic",NA
"51779","23-8-17-8-35-L5","nic","nic",NA
"51788","23-8-15-8-3-35","nic","nic",NA
"51792","19-8-22-10-25-68","nic","nic",NA
"51795","19-8-18-17-9-72","nic","nic",NA
"51821","19-8-22-10-42-89","nic","nic",NA
"51832","19-8-18-17-39-91","nic","nic",NA
"51853","23-8-18-17-27-52","nic","nic",NA
"51858","24-8-17-8-30-L6","nic","nic",NA
"51866","23-8-15-9-20-84","nic","nic",NA
"51869","19-8-22-12-7-16","nic","nic",NA
"51875","24-8-17-9-14-L1","nic","nic",NA
"51878","23-8-18-17-48-64","nic","nic",NA
"51879","22-8-19-11-41-15","nic","nic",NA
"51881","22-8-19-11-44-17","nic","nic",NA
"51883","23-8-15-10-16-1","nic","nic",NA
"51887","19-8-22-12-21-29","nic","nic",NA
"51889","19-8-22-12-26-33","nic","nic",NA
"51892","23-8-20-8-23-82","nic","nic",NA
"51909","19-8-17-7-46-12","nic","nic",NA
"51910","19-8-22-17-25-L1","nic","nic",NA
"51911","19-8-17-7-48-13","nic","nic",NA
"51920","24-8-17-10-18-74","nic","nic",NA
"51930","23-8-16-10-51-L9","nic","nic",NA
"51942","23-8-18-19-13-27","nic","nic",NA
"51977","24-8-17-10-58-58","nic","nic",NA
"51979","19-8-22-18-28-90","nic","nic",NA
"51981","19-8-17-9-33-71","nic","nic",NA
"51983","24-8-17-11-22-L7","nic","nic",NA
"51995","23-8-15-12-33-78","nic","nic",NA
"52000","24-8-17-12-7-L6","nic","nic",NA
"52023","23-8-15-12-51-93","nic","nic",NA
"52047","19-8-23-7-8-41","nic","nic",NA
"52058","23-8-15-15-2-16","nic","nic",NA
"52076","23-8-19-10-27-L7","nic","nic",NA
"52077","23-8-19-10-28-L8","nic","nic",NA
"52083","23-8-16-17-9-L8","nic","nic",NA
"52098","23-8-15-15-50-48","nic","nic",NA
"52118","19-8-18-7-12-90","nic","nic",NA
"52125","19-8-22-8-29-81","nic","nic",NA
"52129","23-8-14-9-27-25","nic","nic",NA
"52134","19-8-18-7-38-L3","nic","nic",NA
"52138","19-8-22-9-8-L6","nic","nic",NA
"52140","19-8-22-9-10-85","nic","nic",NA
"52189","23-8-16-8-43-53","nic","nic",NA
"52227","24-8-17-17-48-88","nic","nic",NA
"52228","24-8-17-17-51-90","nic","nic",NA
"52233","24-8-18-16-22-71","nic","nic",NA
"52243","24-8-17-18-15-L8","nic","nic",NA
"52249","24-8-17-18-41-L9","nic","nic",NA
"52255","23-8-19-15-36-39","nic","nic",NA
"52256","23-8-16-10-8-80","nic","nic",NA
"52257","24-8-17-18-55-1","nic","nic",NA
"52274","19-8-21-16-35-L6","nic","nic",NA
"52282","23-8-19-17-55-54","nic","nic",NA
"52293","23-8-14-12-47-L6","nic","nic",NA
"52311","23-8-13-10-47-93","nic","nic",NA
"52330","23-8-13-12-43-85","nic","nic",NA
"52346","23-8-16-14-4-90","nic","nic",NA
"52379","19-8-17-16-3-L7","nic","nic",NA
"52401","19-8-21-18-39-63","nic","nic",NA
"52406","19-8-22-14-14-2","nic","nic",NA
"52407","19-8-21-10-45-59","nic","nic",NA
"52424","22-8-17-15-57-5","nic","nic",NA
"52431","19-8-18-14-9-91","nic","nic",NA
"52442","22-8-17-16-7-11","nic","nic",NA
"52445","19-8-21-11-18-96","nic","nic",NA
"52446","23-8-13-14-13-37","nic","nic",NA
"52450","23-8-13-14-18-33","nic","nic",NA
"52452","23-8-20-12-3-24","nic","nic",NA
"52456","19-8-22-7-29-63","nic","nic",NA
"52470","19-8-22-7-53-L6","nic","nic",NA
"52471","19-8-18-7-1-80","nic","nic",NA
"52473","19-8-22-9-20-22","nic","nic",NA
"52475","24-8-17-13-26-L4","nic","nic",NA
"52481","19-8-18-7-11-89","nic","nic",NA
"52497","23-8-16-17-55-2","nic","nic",NA
"52501","23-8-14-9-28-26","nic","nic",NA
"52504","19-8-22-10-14-54","nic","nic",NA
"52505","23-8-14-9-38-33","nic","nic",NA
"52520","23-8-17-9-12-8","nic","nic",NA
"52528","19-8-18-9-14-64","nic","nic",NA
"52536","24-8-17-16-17-L8","nic","nic",NA
"52538","23-8-15-8-25-54","nic","nic",NA
"52559","22-8-18-8-17-26","nic","nic",NA
"52565","23-8-14-11-10-90","nic","nic",NA
"52566","23-8-20-15-23-87","nic","nic",NA
"52576","23-8-20-15-32-96","nic","nic",NA
"52588","22-8-18-8-53-56","nic","nic",NA
"52599","24-8-17-13-29-L6","nic","nic",NA
"52651","23-8-17-11-59-84","nic","nic",NA
"52662","23-8-14-12-57-L8","nic","nic",NA
"52663","23-8-14-13-4-L9","nic","nic",NA
"52667","23-8-14-14-36-2","nic","nic",NA
"52673","19-8-18-11-13-96","nic","nic",NA
"52676","19-8-18-11-15-98","nic","nic",NA
"52692","19-8-18-12-3-L5","nic","nic",NA
"52703","19-8-18-12-24-L7","nic","nic",NA
"52709","23-8-14-15-23-22","nic","nic",NA
"52720","23-8-15-9-21-85","nic","nic",NA
"52722","24-8-18-16-23-72","nic","nic",NA
"52724","19-8-22-12-59-98","nic","nic",NA
"52743","23-8-14-16-16-46","nic","nic",NA
"52751","19-8-22-14-3-L8","nic","nic",NA
"52758","23-8-14-16-37-98","nic","nic",NA
"52761","23-8-14-16-42-95","nic","nic",NA
"52765","23-8-17-15-39-52","nic","nic",NA
"52766","23-8-14-16-46-92","nic","nic",NA
"52770","22-8-17-14-58-92","nic","nic",NA
"52772","24-8-18-10-49-90","nic","nic",NA
"52784","19-8-18-13-56-L5","nic","nic",NA
"52793","22-8-18-13-43-26","nic","nic",NA
"52802","23-8-17-16-54-13","nic","nic",NA
"52840","19-8-21-13-46-94","nic","nic",NA
"52843","23-8-17-9-11-7","nic","nic",NA
"52851","23-8-15-16-8-59","nic","nic",NA
"52853","23-8-14-9-16-19","nic","nic",NA
"52856","19-8-22-8-54-L3","nic","nic",NA
"52860","23-8-15-7-29-17","nic","nic",NA
"52875","24-8-17-0-18-28","nic","nic",NA
"52879","23-8-15-8-1-32","nic","nic",NA
"52881","19-8-22-10-23-65","nic","nic",NA
"52887","24-8-17-0-48-85","nic","nic",NA
"52888","23-8-18-15-5-L10","nic","nic",NA
"52890","23-8-15-8-13-44","nic","nic",NA
"52892","23-8-15-8-14-45","nic","nic",NA
"52898","24-8-17-6-29-9","nic","nic",NA
"52899","23-8-17-9-23-15","nic","nic",NA
"52909","23-8-18-16-21-4","nic","nic",NA
"52915","19-8-22-10-11-11","nic","nic",NA
"52917","23-8-19-13-52-86","nic","nic",NA
"52920","23-8-16-8-46-57","nic","nic",NA
"52925","19-8-21-17-50-84","nic","nic",NA
"52933","19-8-18-17-47-98","nic","nic",NA
"52940","19-8-18-18-9-L2","nic","nic",NA
"52949","22-8-19-10-44-98","nic","nic",NA
"52952","24-8-17-17-45-85","nic","nic",NA
"52956","23-8-13-9-30-56","nic","nic",NA
"52960","19-8-21-12-32-L5","nic","nic",NA
"52966","19-8-18-18-51-L7","nic","nic",NA
"52974","19-8-22-12-15-23","nic","nic",NA
"52975","24-8-17-9-24-92","nic","nic",NA
"52981","19-8-22-12-20-28","nic","nic",NA
"52982","23-8-18-18-0-71","nic","nic",NA
"52983","23-8-15-10-21-6","nic","nic",NA
"52984","22-8-18-12-3-4","nic","nic",NA
"52995","19-8-17-8-27-38","nic","nic",NA
"53004","23-8-15-10-40-13","nic","nic",NA
"53010","19-8-17-7-50-16","nic","nic",NA
"53037","23-8-17-12-6-92","nic","nic",NA
"53045","23-8-16-11-20-25","nic","nic",NA
"53051","23-8-20-7-12-46","nic","nic",NA
"53074","23-8-19-8-8-78","nic","nic",NA
"53078","24-8-17-11-22-L8","nic","nic",NA
"53084","19-8-18-7-33-75","nic","nic",NA
"53089","24-8-17-11-36-L1","nic","nic",NA
"53091","24-8-17-12-5-L8","nic","nic",NA
"53092","24-8-17-12-3-L7","nic","nic",NA
"53096","23-8-20-8-14-78","nic","nic",NA
"53099","19-8-21-18-2-41","nic","nic",NA
"53138","19-8-22-9-55-1","nic","nic",NA
"53142","19-8-23-7-13-46","nic","nic",NA
"53150","23-8-15-14-56-15","nic","nic",NA
"53201","19-8-22-7-55-L10","nic","nic",NA
"53202","24-8-17-17-52-91","nic","nic",NA
"53207","19-8-21-17-49-28","nic","nic",NA
"53218","19-8-21-14-17-28","nic","nic",NA
"53219","19-8-18-7-19-L10","nic","nic",NA
"53223","19-8-22-8-56-L1","nic","nic",NA
"53228","23-8-14-9-23-23","nic","nic",NA
"53232","23-8-14-9-36-32","nic","nic",NA
"53233","23-8-17-8-19-L2","nic","nic",NA
"53241","24-8-17-15-44-91","nic","nic",NA
"53243","24-8-17-15-48-88","nic","nic",NA
"53253","22-8-17-8-15-92","nic","nic",NA
"53256","22-8-17-8-21-89","nic","nic",NA
"53257","22-8-17-8-24-87","nic","nic",NA
"53259","23-8-15-17-10-L5","nic","nic",NA
"53260","22-8-17-8-26-85","nic","nic",NA
"53264","22-8-17-8-28-84","nic","nic",NA
"53272","23-8-16-8-34-45","nic","nic",NA
"53293","23-8-20-15-18-85","nic","nic",NA
"53301","22-8-17-8-59-71","nic","nic",NA
"53315","24-8-17-17-42-83","nic","nic",NA
"53319","23-8-16-9-12-72","nic","nic",NA
"53322","24-8-17-17-53-92","nic","nic",NA
"53323","23-8-16-14-9-84","nic","nic",NA
"53335","24-8-17-18-18-L6","nic","nic",NA
"53372","23-8-19-17-38-51","nic","nic",NA
"53374","23-8-19-17-41-53","nic","nic",NA
"53378","23-8-18-18-30-87","nic","nic",NA
"53382","23-8-17-12-1-87","nic","nic",NA
"53391","23-8-16-10-58-16","nic","nic",NA
"53394","23-8-19-18-20-6","nic","nic",NA
"53405","23-8-16-11-18-L10","nic","nic",NA
"53406","23-8-16-11-16-23","nic","nic",NA
"53410","23-8-17-13-46-89","nic","nic",NA
"53421","23-8-13-12-41-86","nic","nic",NA
"53427","19-8-21-17-27-15","nic","nic",NA
"53430","23-8-16-13-55-L10","nic","nic",NA
"53431","19-8-21-17-33-19","nic","nic",NA
"53432","23-8-16-13-56-98","nic","nic",NA
"53441","19-8-20-14-56-45","nic","nic",NA
"53447","24-8-17-17-49-89","nic","nic",NA
"53451","19-8-18-10-22-15","nic","nic",NA
"53463","19-8-22-13-22-L8","nic","nic",NA
"53467","23-8-16-14-23-72","nic","nic",NA
"53469","23-8-16-14-24-71","nic","nic",NA
"53471","19-8-22-11-45-53","nic","nic",NA
"53493","19-8-21-10-40-54","nic","nic",NA
"53495","22-8-17-14-52-89","nic","nic",NA
"53500","19-8-21-18-40-64","nic","nic",NA
"53501","23-8-20-9-48-4","nic","nic",NA
"53509","22-8-17-15-10-98","nic","nic",NA
"53510","19-8-21-18-53-74","nic","nic",NA
"53513","19-8-21-11-0-74","nic","nic",NA
"53526","23-8-16-15-13-84","nic","nic",NA
"53528","19-8-21-11-10-86","nic","nic",NA
"53531","19-8-21-19-22-L6","nic","nic",NA
"53534","23-8-18-17-18-46","nic","nic",NA
"53535","19-8-22-7-10-49","nic","nic",NA
"53536","19-8-22-7-12-52","nic","nic",NA
"53539","23-8-15-15-27-33","nic","nic",NA
"53541","19-8-22-7-17-56","nic","nic",NA
"53545","23-8-16-17-14-26","nic","nic",NA
"53547","23-8-16-17-17-24","nic","nic",NA
"53550","19-8-22-7-32-64","nic","nic",NA
"53573","19-8-22-12-57-96","nic","nic",NA
"53575","19-8-18-8-35-L2","nic","nic",NA
"53579","23-8-14-9-12-17","nic","nic",NA
"53588","19-8-18-7-33-L9","nic","nic",NA
"53589","23-8-16-17-52-5","nic","nic",NA
"53599","19-8-22-10-12-53","nic","nic",NA
"53601","23-8-17-8-32-L4","nic","nic",NA
"53607","19-8-22-9-22-98","nic","nic",NA
"53608","23-8-17-9-9-5","nic","nic",NA
"53609","19-8-22-9-26-L8","nic","nic",NA
"53616","22-8-17-17-49-56","nic","nic",NA
"53619","23-8-17-9-17-L9","nic","nic",NA
"53621","19-8-22-9-52-98","nic","nic",NA
"53627","24-8-17-16-10-L9","nic","nic",NA
"53631","24-8-18-14-50-35","nic","nic",NA
"53640","22-8-18-8-15-24","nic","nic",NA
"53641","23-8-17-9-41-L1","nic","nic",NA
"53647","23-8-19-13-54-87","nic","nic",NA
"53655","23-8-17-9-51-36","nic","nic",NA
"53666","19-8-22-10-45-23","nic","nic",NA
"53670","23-8-20-15-36-98","nic","nic",NA
"53676","19-8-22-10-58-35","nic","nic",NA
"53678","24-8-17-8-27-L8","nic","nic",NA
"53695","19-8-22-12-58-L6","nic","nic",NA
"53707","22-8-18-9-31-33","nic","nic",NA
"53715","24-8-17-18-48-91","nic","nic",NA
"53716","19-8-22-13-55-L5","nic","nic",NA
"53722","24-8-18-17-37-L9","nic","nic",NA
"53748","24-8-18-6-57-35","nic","nic",NA
"53756","19-8-22-12-16-70","nic","nic",NA
"53764","23-8-14-14-39-4","nic","nic",NA
"53777","23-8-19-18-39-18","nic","nic",NA
"53779","23-8-20-7-11-45","nic","nic",NA
"53781","23-8-20-7-14-47","nic","nic",NA
"53782","24-8-18-7-54-L2","nic","nic",NA
"53785","23-8-17-13-55-81","nic","nic",NA
"53797","19-8-22-12-40-84","nic","nic",NA
"53802","22-8-18-10-49-80","nic","nic",NA
"53807","23-8-14-17-48-52","nic","nic",NA
"53815","23-8-19-8-26-72","nic","nic",NA
"53816","19-8-21-13-47-96","nic","nic",NA
"53817","22-8-18-11-0-93","nic","nic",NA
"53834","19-8-22-8-30-83","nic","nic",NA
"53839","23-8-14-16-15-45","nic","nic",NA
"53847","19-8-22-14-7-L1","nic","nic",NA
"53853","24-8-18-10-36-80","nic","nic",NA
"53860","24-8-18-10-45-86","nic","nic",NA
"53890","19-8-18-14-7-92","nic","nic",NA
"53901","23-8-19-10-32-L1","nic","nic",NA
"53906","19-8-22-8-56-1","nic","nic",NA
"53920","19-8-22-9-8-11","nic","nic",NA
"53923","19-8-22-9-14-16","nic","nic",NA
"53936","23-8-20-8-0-72","nic","nic",NA
"53940","19-8-22-9-28-33","nic","nic",NA
"53942","24-8-17-9-18-98","nic","nic",NA
"53944","22-8-19-11-40-14","nic","nic",NA
"53951","23-8-14-9-25-24","nic","nic",NA
"53956","23-8-20-8-27-85","nic","nic",NA
"53957","24-8-17-18-47-L10","nic","nic",NA
"53958","23-8-20-8-29-87","nic","nic",NA
"53961","22-8-18-9-38-39","nic","nic",NA
"53965","23-8-15-7-38-L1","nic","nic",NA
"53981","22-8-17-8-12-94","nic","nic",NA
"53984","23-8-15-17-6-87","nic","nic",NA
"53986","23-8-15-8-15-46","nic","nic",NA
"53990","23-8-15-8-19-49","nic","nic",NA
"53996","24-8-18-14-51-36","nic","nic",NA
"53999","19-8-22-10-39-84","nic","nic",NA
"54000","19-8-22-10-40-86","nic","nic",NA
"54009","23-8-17-9-41-24","nic","nic",NA
"54023","23-8-15-8-59-71","nic","nic",NA
"54025","19-8-18-17-47-L6","nic","nic",NA
"54027","19-8-22-15-55-29","nic","nic",NA
"54032","22-8-19-10-30-89","nic","nic",NA
"54039","22-8-19-10-36-93","nic","nic",NA
"54043","24-8-17-8-16-L9","nic","nic",NA
"54044","19-8-21-13-41-85","nic","nic",NA
"54046","24-8-17-17-46-86","nic","nic",NA
"54053","24-8-17-11-20-L9","nic","nic",NA
"54056","24-8-17-11-26-L10","nic","nic",NA
"54058","24-8-18-16-20-70","nic","nic",NA
"54067","24-8-17-9-22-94","nic","nic",NA
"54071","19-8-22-12-18-25","nic","nic",NA
"54073","23-8-18-17-56-69","nic","nic",NA
"54076","23-8-14-9-22-22","nic","nic",NA
"54077","19-8-22-8-55-L2","nic","nic",NA
"54079","24-8-18-17-23-91","nic","nic",NA
"54092","19-8-17-7-32-3","nic","nic",NA
"54093","23-8-15-10-36-L9","nic","nic",NA
"54101","19-8-17-7-51-17","nic","nic",NA
"54105","24-8-17-19-29-20","nic","nic",NA
"54116","24-8-18-6-59-33","nic","nic",NA
"54120","23-8-19-18-18-4","nic","nic",NA
"54123","23-8-18-19-2-L7","nic","nic",NA
"54128","19-8-17-8-36-44","nic","nic",NA
"54134","24-8-18-7-28-10","nic","nic",NA
"54137","23-8-19-18-35-14","nic","nic",NA
"54161","23-8-19-8-1-82","nic","nic",NA
"54174","19-8-17-17-57-40","nic","nic",NA
"54206","23-8-20-8-51-92","nic","nic",NA
"54211","19-8-17-10-22-90","nic","nic",NA
"54218","24-8-18-10-39-82","nic","nic",NA
"54223","22-8-17-14-51-88","nic","nic",NA
"54229","22-8-17-14-56-91","nic","nic",NA
"54240","19-8-21-10-57-71","nic","nic",NA
"54247","23-8-16-14-59-45","nic","nic",NA
"54251","19-8-23-7-32-87","nic","nic",NA
"54262","23-8-19-10-25-28","nic","nic",NA
"54265","23-8-16-17-5-35","nic","nic",NA
"54279","19-8-23-8-35-8","nic","nic",NA
"54288","24-8-17-13-27-L5","nic","nic",NA
"54299","24-8-17-14-7-L10","nic","nic",NA
"54306","24-8-17-18-14-L7","nic","nic",NA
"54321","24-8-18-17-22-90","nic","nic",NA
"54322","19-8-21-17-13-49","nic","nic",NA
"54326","19-8-22-9-4-L5","nic","nic",NA
"54328","23-8-17-8-23-L9","nic","nic",NA
"54329","23-8-17-8-25-L7","nic","nic",NA
"54334","19-8-21-12-54-35","nic","nic",NA
"54344","19-8-21-13-3-44","nic","nic",NA
"54350","24-8-17-16-6-L1","nic","nic",NA
"54352","19-8-23-9-30-34","nic","nic",NA
"54353","19-8-23-9-31-35","nic","nic",NA
"54354","24-8-17-16-8-L1","nic","nic",NA
"54361","24-8-18-14-52-37","nic","nic",NA
"54365","24-8-17-17-1-63","nic","nic",NA
"54370","24-8-18-14-59-45","nic","nic",NA
"54399","23-8-19-14-39-71","nic","nic",NA
"54404","24-8-17-17-40-81","nic","nic",NA
"54414","24-8-17-13-28-L10","nic","nic",NA
"54419","22-8-18-10-50-81","nic","nic",NA
"54426","23-8-15-9-27-92","nic","nic",NA
"54455","23-8-16-10-18-L10","nic","nic",NA
"54461","24-8-17-19-19-12","nic","nic",NA
"54480","23-8-14-12-45-L5","nic","nic",NA
"54490","24-8-18-7-15-18","nic","nic",NA
"54497","24-8-18-7-25-11","nic","nic",NA
"54506","24-8-18-7-36-3","nic","nic",NA
"54533","19-8-22-9-13-15","nic","nic",NA
"54542","24-8-18-9-13-63","nic","nic",NA
"54543","23-8-14-15-28-24","nic","nic",NA
"54563","23-8-16-17-49-6","nic","nic",NA
"54565","19-8-17-15-58-L2","nic","nic",NA
"54567","19-8-22-11-46-54","nic","nic",NA
"54572","24-8-18-10-29-74","nic","nic",NA
"54573","19-8-21-10-27-41","nic","nic",NA
"54590","19-8-21-17-28-63","nic","nic",NA
"54595","24-8-18-10-47-88","nic","nic",NA
"54597","24-8-18-10-55-96","nic","nic",NA
"54600","24-8-18-10-58-L6","nic","nic",NA
"54601","24-8-18-11-0-L5","nic","nic",NA
"54603","24-8-18-11-11-L8","nic","nic",NA
"54616","19-8-21-19-3-83","nic","nic",NA
"54624","19-8-21-11-13-89","nic","nic",NA
"54637","19-8-22-7-18-57","nic","nic",NA
"54638","23-8-13-14-20-29","nic","nic",NA
"54643","23-8-13-14-26-25","nic","nic",NA
"54644","19-8-17-17-46-33","nic","nic",NA
"54657","23-8-16-14-3-91","nic","nic",NA
"54662","23-8-16-14-0-93","nic","nic",NA
"54664","19-8-17-9-34-72","nic","nic",NA
"54667","19-8-22-9-27-29","nic","nic",NA
"54684","24-8-17-9-34-87","nic","nic",NA
"54688","19-8-17-15-59-L1","nic","nic",NA
"54691","23-8-17-8-18-L3","nic","nic",NA
"54692","23-8-17-8-20-L1","nic","nic",NA
"54700","19-8-21-12-59-37","nic","nic",NA
"54715","24-8-17-19-28-19","nic","nic",NA
"54738","23-8-16-11-10-L8","nic","nic",NA
"54751","23-8-20-15-17-84","nic","nic",NA
"54762","22-8-18-8-41-48","nic","nic",NA
"54774","23-8-13-9-26-54","nic","nic",NA
"54778","19-8-22-9-10-13","nic","nic",NA
"54782","23-8-20-12-27-35","nic","nic",NA
"54783","23-8-14-8-48-6","nic","nic",NA
"54787","23-8-14-15-32-27","nic","nic",NA
"54796","24-8-18-17-13-80","nic","nic",NA
"54799","24-8-18-17-15-82","nic","nic",NA
"54802","23-8-16-17-51-L2","nic","nic",NA
"54811","19-8-21-17-12-50","nic","nic",NA
"54813","24-8-17-9-44-82","nic","nic",NA
"54841","22-8-18-9-55-51","nic","nic",NA
"54844","23-8-17-12-3-89","nic","nic",NA
"54856","19-8-22-12-20-73","nic","nic",NA
"54857","23-8-17-13-31-L5","nic","nic",NA
"54869","23-8-17-13-45-90","nic","nic",NA
"54875","23-8-14-14-53-L9","nic","nic",NA
"54902","22-8-18-10-48-79","nic","nic",NA
"54912","22-8-18-10-58-91","nic","nic",NA
"54915","23-8-14-15-47-35","nic","nic",NA
"54918","22-8-18-11-59-1","nic","nic",NA
"54938","22-8-18-12-21-14","nic","nic",NA
"54962","19-8-21-17-37-70","nic","nic",NA
"54971","24-8-18-11-12-L7","nic","nic",NA
"54975","23-8-16-14-58-46","nic","nic",NA
"54979","19-8-17-17-13-15","nic","nic",NA
"55007","19-8-22-9-3-6","nic","nic",NA
"55018","23-8-20-12-30-37","nic","nic",NA
"55020","23-8-14-8-46-5","nic","nic",NA
"55032","23-8-14-15-35-L8","nic","nic",NA
"55039","24-8-17-9-21-95","nic","nic",NA
"55043","24-8-17-14-47-8","nic","nic",NA
"55053","19-8-22-13-55-L4","nic","nic",NA
"55059","23-8-17-8-26-L8","nic","nic",NA
"55067","23-8-17-9-8-4","nic","nic",NA
"55087","19-8-21-13-9-49","nic","nic",NA
"55090","24-8-17-16-18-L10","nic","nic",NA
"55095","19-8-18-9-27-70","nic","nic",NA
"55103","23-8-16-8-42-52","nic","nic",NA
"55114","23-8-20-14-59-82","nic","nic",NA
"55123","19-8-18-18-1-L6","nic","nic",NA
"55127","22-8-19-10-31-90","nic","nic",NA
"55129","22-8-19-10-35-92","nic","nic",NA
"55133","24-8-17-8-25-L7","nic","nic",NA
"55151","23-8-16-14-8-85","nic","nic",NA
"55155","19-8-17-15-34-85","nic","nic",NA
"55161","24-8-17-9-23-93","nic","nic",NA
"55169","19-8-22-12-21-32","nic","nic",NA
"55189","23-8-16-10-37-2","nic","nic",NA
"55198","22-8-17-14-41-83","nic","nic",NA
"55199","19-8-23-9-20-24","nic","nic",NA
"55217","23-8-18-19-0-L1","nic","nic",NA
"55235","23-8-19-18-37-16","nic","nic",NA
"55237","19-8-17-8-55-53","nic","nic",NA
"55241","23-8-14-14-56-12","nic","nic",NA
"55252","23-8-16-13-52-L5","nic","nic",NA
"55257","19-8-21-13-13-53","nic","nic",NA
"55261","23-8-17-11-19-54","nic","nic",NA
"55267","23-8-14-8-43-2","nic","nic",NA
"55272","19-8-22-12-48-89","nic","nic",NA
"55273","22-8-17-13-45-65","nic","nic",NA
"55280","24-8-17-18-12-L9","nic","nic",NA
"55288","19-8-22-8-32-84","nic","nic",NA
"55342","19-8-21-17-44-78","nic","nic",NA
"55350","19-8-21-19-15-L2","nic","nic",NA
"55360","23-8-17-13-51-85","nic","nic",NA
"55375","19-8-17-17-47-34","nic","nic",NA
"55387","19-8-17-17-48-35","nic","nic",NA
"55388","19-8-22-9-19-94","nic","nic",NA
"55410","22-8-18-9-30-32","nic","nic",NA
"55421","23-8-16-18-4-L3","nic","nic",NA
"55423","23-8-15-7-36-22","nic","nic",NA
"55427","23-8-15-7-55-25","nic","nic",NA
"55432","19-8-22-9-20-96","nic","nic",NA
"55433","19-8-21-14-33-41","nic","nic",NA
"55434","22-8-17-8-6-98","nic","nic",NA
"55443","24-8-17-19-25-17","nic","nic",NA
"55448","19-8-22-9-56-2","nic","nic",NA
"55451","22-8-17-8-25-86","nic","nic",NA
"55452","23-8-14-10-19-53","nic","nic",NA
"55476","24-8-17-17-15-71","nic","nic",NA
"55479","23-8-17-9-50-35","nic","nic",NA
"55498","22-8-19-10-38-94","nic","nic",NA
"55500","23-8-17-11-17-52","nic","nic",NA
"55503","23-8-14-17-43-56","nic","nic",NA
"55504","23-8-16-17-23-19","nic","nic",NA
"55506","23-8-14-8-44-3","nic","nic",NA
"55511","24-8-18-7-23-12","nic","nic",NA
"55512","24-8-18-18-19-L10","nic","nic",NA
"55518","24-8-17-11-25-L5","nic","nic",NA
"55524","23-8-16-9-51-95","nic","nic",NA
"55545","24-8-18-17-34-L8","nic","nic",NA
"55558","24-8-17-19-22-14","nic","nic",NA
"55566","19-8-22-12-3-63","nic","nic",NA
"55576","22-8-18-10-0-54","nic","nic",NA
"55594","23-8-13-10-46-92","nic","nic",NA
"55595","23-8-17-13-41-93","nic","nic",NA
"55597","23-8-17-13-42-91","nic","nic",NA
"55598","19-8-21-15-36-15","nic","nic",NA
"55599","23-8-13-14-10-45","nic","nic",NA
"55606","23-8-16-11-34-36","nic","nic",NA
"55625","19-8-20-14-55-41","nic","nic",NA
"55634","22-8-17-14-42-84","nic","nic",NA
"55641","23-8-14-15-33-28","nic","nic",NA
"55658","24-8-17-9-30-88","nic","nic",NA
"55671","19-8-22-12-19-72","nic","nic",NA
"55672","19-8-21-12-51-32","nic","nic",NA
"55682","19-8-21-13-3-41","nic","nic",NA
"55702","19-8-21-11-0-75","nic","nic",NA
"55704","23-8-13-13-58-52","nic","nic",NA
"55713","24-8-18-7-22-13","nic","nic",NA
"55715","19-8-21-11-10-85","nic","nic",NA
"55720","24-8-17-17-19-73","nic","nic",NA
"55724","23-8-19-18-38-17","nic","nic",NA
"55725","23-8-13-12-30-93","nic","nic",NA
"55729","23-8-15-15-28-34","nic","nic",NA
"55732","19-8-22-7-20-58","nic","nic",NA
"55736","19-8-22-7-26-62","nic","nic",NA
"55744","23-8-14-17-41-57","nic","nic",NA
"55746","23-8-13-14-28-24","nic","nic",NA
"55748","23-8-15-7-37-23","nic","nic",NA
"55753","24-8-18-18-17-L4","nic","nic",NA
"55773","23-8-13-9-55-64","nic","nic",NA
"55792","23-8-13-10-37-84","nic","nic",NA
"55801","22-8-17-8-10-95","nic","nic",NA
"55803","24-8-17-19-20-13","nic","nic",NA
"55818","24-8-17-16-12-L7","nic","nic",NA
"55823","23-8-16-8-33-44","nic","nic",NA
"55835","24-8-18-18-15-L3","nic","nic",NA
"55836","19-8-21-10-30-46","nic","nic",NA
"55839","23-8-15-17-6-86","nic","nic",NA
"55841","23-8-19-18-34-13","nic","nic",NA
"55856","24-8-18-16-3-58","nic","nic",NA
"55873","24-8-18-7-12-20","nic","nic",NA
"55876","23-8-16-11-15-22","nic","nic",NA
"55906","19-8-21-18-17-51","nic","nic",NA
"55917","23-8-17-13-39-95","nic","nic",NA
"55919","23-8-19-17-23-46","nic","nic",NA
"55928","24-8-17-19-23-15","nic","nic",NA
"55933","24-8-18-6-52-39","nic","nic",NA
"55938","23-8-16-10-52-11","nic","nic",NA
"55944","19-8-18-11-1-92","nic","nic",NA
"55950","19-8-22-9-9-84","nic","nic",NA
"55953","22-8-18-8-6-19","nic","nic",NA
"55954","23-8-15-7-40-24","nic","nic",NA
"55957","19-8-22-9-17-92","nic","nic",NA
"55962","19-8-21-11-12-88","nic","nic",NA
"55967","19-8-21-15-42-17","nic","nic",NA
"55976","23-8-17-13-52-84","nic","nic",NA
"55978","19-8-18-12-4-91","nic","nic",NA
"56008","19-8-21-17-52-33","nic","nic",NA
"56026","24-8-18-17-25-93","nic","nic",NA
"56038","19-8-21-10-29-45","nic","nic",NA
"56042","24-8-18-10-38-81","nic","nic",NA
"56052","19-8-21-10-43-56","nic","nic",NA
"56062","22-8-18-13-29-17","nic","nic",NA
"56064","23-8-17-16-37-2","nic","nic",NA
"56069","22-8-18-13-37-22","nic","nic",NA
"56091","24-8-18-7-53-L3","nic","nic",NA
"56097","19-8-22-8-57-3","nic","nic",NA
"56111","23-8-13-13-57-53","nic","nic",NA
"56117","22-8-18-17-46-91","nic","nic",NA
"56128","23-8-18-14-4-19","nic","nic",NA
"56133","19-8-21-17-43-34","nic","nic",NA
"56140","24-8-18-17-18-85","nic","nic",NA
"56142","24-8-18-17-19-87","nic","nic",NA
"56145","24-8-16-23-56-19","nic","nic",NA
"56151","19-8-21-15-54-28","nic","nic",NA
"56170","19-8-18-8-39-L9","nic","nic",NA
"56172","24-8-17-19-24-16","nic","nic",NA
"56173","23-8-18-16-8-L2","nic","nic",NA
"56176","23-8-17-9-18-11","nic","nic",NA
"56188","23-8-17-14-0-78","nic","nic",NA
"56193","24-8-18-7-11-21","nic","nic",NA
"56209","23-8-13-10-50-95","nic","nic",NA
"56212","23-8-14-11-8-92","nic","nic",NA
"56218","19-8-17-15-41-89","nic","nic",NA
"56229","23-8-18-19-1-L9","nic","nic",NA
"56247","23-8-14-15-30-26","nic","nic",NA
"56252","22-8-18-10-59-92","nic","nic",NA
"56257","23-8-14-12-35-L1","nic","nic",NA
"56271","19-8-21-17-30-17","nic","nic",NA
"56276","24-8-18-7-6-25","nic","nic",NA
"56278","19-8-18-7-47-6","nic","nic",NA
"56283","23-8-14-16-33-L5","nic","nic",NA
"56284","23-8-14-14-44-L1","nic","nic",NA
"56288","23-8-18-18-23-83","nic","nic",NA
"56302","23-8-18-18-39-95","nic","nic",NA
"56307","24-8-18-7-7-24","nic","nic",NA
"56311","23-8-17-12-10-96","nic","nic",NA
"56314","23-8-18-19-11-24","nic","nic",NA
"56318","24-8-18-7-8-23","nic","nic",NA
"56320","23-8-18-19-17-33","nic","nic",NA
"56323","23-8-17-9-44-27","nic","nic",NA
"56326","23-8-17-13-38-96","nic","nic",NA
"56332","23-8-13-12-24-98","nic","nic",NA
"56338","23-8-16-14-46-56","nic","nic",NA
"56355","19-8-21-13-14-54","nic","nic",NA
"56365","19-8-21-11-11-87","nic","nic",NA
"56379","19-8-21-10-50-64","nic","nic",NA
"56391","23-8-20-14-42-71","nic","nic",NA
"56396","23-8-17-11-42-72","nic","nic",NA
"56405","19-8-22-9-20-95","nic","nic",NA
"56406","23-8-13-10-44-90","nic","nic",NA
"56411","23-8-17-9-10-6","nic","nic",NA
"56412","19-8-18-8-34-L3","nic","nic",NA
"56417","22-8-17-8-20-90","nic","nic",NA
"56419","23-8-16-17-12-28","nic","nic",NA
"56448","23-8-17-13-40-94","nic","nic",NA
"56451","19-8-18-11-20-L5","nic","nic",NA
"56464","19-8-17-14-42-28","nic","nic",NA
"56465","23-8-13-14-24-27","nic","nic",NA
"56468","24-8-17-16-17-L6","nic","nic",NA
"56475","23-8-17-12-12-98","nic","nic",NA
"56480","23-8-17-14-45-64","nic","nic",NA
"56481","19-8-21-10-25-39","nic","nic",NA
"56498","23-8-15-17-2-82","nic","nic",NA
"56504","19-8-17-15-46-94","nic","nic",NA
"56513","19-8-21-18-49-70","nic","nic",NA
"56517","19-8-21-10-18-32","nic","nic",NA
"56518","23-8-17-9-34-L7","nic","nic",NA
"56533","23-8-14-16-35-L10","nic","nic",NA
"56540","23-8-13-9-9-46","nic","nic",NA
"56562","23-8-17-12-12-L6","nic","nic",NA
"56604","24-8-17-17-55-94","nic","nic",NA
"56621","24-8-18-10-46-87","nic","nic",NA
"56622","19-8-21-10-44-57","nic","nic",NA
"56623","19-8-21-17-59-96","nic","nic",NA
"56638","23-8-14-10-21-55","nic","nic",NA
"56646","23-8-13-10-41-87","nic","nic",NA
"56647","23-8-13-10-39-86","nic","nic",NA
"56649","19-8-21-10-34-48","nic","nic",NA
"56651","22-8-17-17-43-53","nic","nic",NA
"56652","19-8-22-9-28-L1","nic","nic",NA
"56653","19-8-21-14-43-44","nic","nic",NA
"56657","24-8-18-6-51-40","nic","nic",NA
"56658","19-8-18-8-26-62","nic","nic",NA
"56663","24-8-18-10-53-94","nic","nic",NA
"56670","23-8-17-12-0-85","nic","nic",NA
"56679","24-8-18-7-17-16","nic","nic",NA
"56695","22-8-18-10-24-64","nic","nic",NA
"56696","19-8-22-18-44-1","nic","nic",NA
"56707","22-8-18-10-36-72","nic","nic",NA
"56708","19-8-21-10-54-67","nic","nic",NA
"56720","22-8-18-9-57-52","nic","nic",NA
"56721","23-8-17-9-25-17","nic","nic",NA
"56728","22-8-18-8-16-25","nic","nic",NA
"56729","23-8-17-9-4-1","nic","nic",NA
"56730","19-8-21-12-53-34","nic","nic",NA
"56737","22-8-18-10-52-84","nic","nic",NA
"56756","23-8-20-12-5-25","nic","nic",NA
"56762","23-8-17-9-10-L2","nic","nic",NA
"56776","19-8-21-10-53-66","nic","nic",NA
"56778","24-8-18-10-48-89","nic","nic",NA
"56784","19-8-22-9-52-L6","nic","nic",NA
"56785","19-8-18-9-12-63","nic","nic",NA
"56790","23-8-14-11-16-86","nic","nic",NA
"56792","19-8-20-13-48-64","nic","nic",NA
"56806","23-8-17-12-15-L5","nic","nic",NA
"56814","19-8-21-11-15-92","nic","nic",NA
"56825","19-8-17-14-8-41","nic","nic",NA
"56847","19-8-21-17-16-53","nic","nic",NA
"56849","23-8-13-10-35-82","nic","nic",NA
"56856","19-8-21-10-51-65","nic","nic",NA
"56861","19-8-21-17-20-57","nic","nic",NA
"56863","23-8-13-10-52-98","nic","nic",NA
"56865","23-8-15-7-22-L9","nic","nic",NA
"56875","23-8-17-11-57-82","nic","nic",NA
"56896","23-8-13-13-36-64","nic","nic",NA
"56903","19-8-18-8-42-L7","nic","nic",NA
"56907","23-8-13-9-8-45","nic","nic",NA
"56908","23-8-14-12-3-65","nic","nic",NA
"56911","23-8-20-14-23-64","nic","nic",NA
"56925","23-8-16-14-33-64","nic","nic",NA
"56939","24-8-18-18-20-L6","nic","nic",NA
"56944","23-8-14-12-37-L2","nic","nic",NA
"56945","24-8-18-10-54-95","nic","nic",NA
"56956","19-8-21-10-49-63","nic","nic",NA
"56966","19-8-21-13-44-91","nic","nic",NA
"56971","23-8-17-13-47-88","nic","nic",NA
"56979","23-8-17-13-49-86","nic","nic",NA
"56989","23-8-13-12-27-95","nic","nic",NA
"56991","19-8-18-8-49-L10","nic","nic",NA
"56992","23-8-17-12-10-95","nic","nic",NA
"57037","23-8-18-18-58-L3","nic","nic",NA
"57038","23-8-17-12-13-L10","nic","nic",NA
"57088","19-8-22-12-51-91","nic","nic",NA
"57089","19-8-22-12-52-92","nic","nic",NA
"57143","23-8-17-15-44-48","nic","nic",NA
"57145","23-8-14-16-53-86","nic","nic",NA
"57156","23-8-17-16-40-4","nic","nic",NA
"57168","22-8-18-17-8-64","nic","nic",NA
"57184","19-8-21-17-58-94","nic","nic",NA
"57209","24-8-16-23-5-3","nic","nic",NA
"57216","24-8-16-23-16-7","nic","nic",NA
"57222","22-8-19-8-2-65","nic","nic",NA
"57224","22-8-19-8-4-66","nic","nic",NA
"57232","23-8-15-7-27-15","nic","nic",NA
"57237","22-8-19-8-28-79","nic","nic",NA
"57249","24-8-17-0-19-29","nic","nic",NA
"57250","24-8-17-0-21-32","nic","nic",NA
"57256","23-8-15-8-4-36","nic","nic",NA
"57257","24-8-17-0-45-74","nic","nic",NA
"57260","23-8-18-15-2-L6","nic","nic",NA
"57261","24-8-17-0-53-90","nic","nic",NA
"57266","19-8-22-10-30-74","nic","nic",NA
"57271","22-8-19-9-43-52","nic","nic",NA
"57273","24-8-17-6-33-11","nic","nic",NA
"57275","23-8-18-16-21-L5","nic","nic",NA
"57278","24-8-17-6-42-15","nic","nic",NA
"57281","24-8-17-6-45-17","nic","nic",NA
"57288","24-8-17-6-56-23","nic","nic",NA
"57291","24-8-17-7-2-27","nic","nic",NA
"57297","24-8-17-17-20-74","nic","nic",NA
"57302","23-8-15-9-0-72","nic","nic",NA
"57304","19-8-21-13-29-70","nic","nic",NA
"57306","24-8-17-7-27-45","nic","nic",NA
"57310","24-8-17-7-34-49","nic","nic",NA
"57316","19-8-18-18-18-L9","nic","nic",NA
"57325","22-8-19-11-23-3","nic","nic",NA
"57326","19-8-20-14-6-1","nic","nic",NA
"57332","22-8-19-11-28-7","nic","nic",NA
"57343","24-8-17-9-19-96","nic","nic",NA
"57372","19-8-17-7-38-7","nic","nic",NA
"57380","19-8-17-7-50-15","nic","nic",NA
"57383","22-8-19-14-27-50","nic","nic",NA
"57387","19-8-17-8-4-23","nic","nic",NA
"57388","19-8-17-8-7-24","nic","nic",NA
"57391","19-8-17-8-12-27","nic","nic",NA
"57396","23-8-18-18-52-L6","nic","nic",NA
"57398","19-8-17-8-19-34","nic","nic",NA
"57403","19-8-21-10-21-83","nic","nic",NA
"57405","19-8-17-8-35-41","nic","nic",NA
"57412","23-8-18-19-15-29","nic","nic",NA
"57420","23-8-15-11-36-47","nic","nic",NA
"57430","24-8-18-8-2-L8","nic","nic",NA
"57433","23-8-19-7-56-90","nic","nic",NA
"57436","23-8-19-7-54-87","nic","nic",NA
"57451","24-8-17-11-26-L6","nic","nic",NA
"57460","23-8-19-8-27-71","nic","nic",NA
"57462","24-8-17-12-2-L9","nic","nic",NA
"57488","19-8-17-10-15-85","nic","nic",NA
"57492","19-8-22-19-15-19","nic","nic",NA
"57520","19-8-21-10-58-72","nic","nic",NA
"57534","19-8-23-7-35-90","nic","nic",NA
"57546","23-8-19-10-33-L2","nic","nic",NA
"57570","23-8-19-11-54-94","nic","nic",NA
"57573","23-8-19-11-56-92","nic","nic",NA
"57574","24-8-17-13-58-L9","nic","nic",NA
"57575","24-8-17-13-57-L1","nic","nic",NA
"57583","23-8-15-7-16-7","nic","nic",NA
"57584","24-8-17-14-41-4","nic","nic",NA
"57614","24-8-17-15-46-89","nic","nic",NA
"57623","19-8-18-8-42-L8","nic","nic",NA
"57668","24-8-17-7-19-38","nic","nic",NA
"57679","23-8-19-14-41-72","nic","nic",NA
"57685","24-8-17-17-41-82","nic","nic",NA
"57698","24-8-17-17-57-95","nic","nic",NA
"57704","24-8-17-18-11-L1","nic","nic",NA
"57719","23-8-19-15-35-38","nic","nic",NA
"57733","19-8-23-11-36-72","nic","nic",NA
"57748","24-8-18-6-49-44","nic","nic",NA
"57749","24-8-18-6-50-41","nic","nic",NA
"57756","24-8-18-6-58-34","nic","nic",NA
"57760","24-8-18-7-3-28","nic","nic",NA
"57766","24-8-18-7-10-22","nic","nic",NA
"57769","24-8-18-7-13-19","nic","nic",NA
"57781","24-8-18-7-32-8","nic","nic",NA
"57782","24-8-18-7-33-7","nic","nic",NA
"57791","24-8-18-7-55-L1","nic","nic",NA
"57793","24-8-18-8-0-L7","nic","nic",NA
"57800","19-8-23-13-12-L4","nic","nic",NA
"57805","19-8-23-13-24-L1","nic","nic",NA
"57811","24-8-18-8-51-55","nic","nic",NA
"57813","24-8-18-8-43-57","nic","nic",NA
"57838","19-8-20-15-8-57","nic","nic",NA
"57840","24-8-18-9-26-71","nic","nic",NA
"57843","24-8-18-9-29-74","nic","nic",NA
"57853","23-8-20-8-55-96","nic","nic",NA
"57854","23-8-20-8-58-98","nic","nic",NA
"57856","23-8-20-9-2-L5","nic","nic",NA
"57861","19-8-21-10-36-50","nic","nic",NA
"57864","19-8-21-10-37-52","nic","nic",NA
"57873","24-8-18-10-50-91","nic","nic",NA
"57890","19-8-21-11-4-78","nic","nic",NA
"57901","23-8-13-14-8-46","nic","nic",NA
"57909","19-8-21-11-16-93","nic","nic",NA
"57912","19-8-21-11-19-98","nic","nic",NA
"57919","23-8-16-17-16-L1","nic","nic",NA
"57930","23-8-14-17-40-58","nic","nic",NA
"57934","23-8-20-12-35-39","nic","nic",NA
"57946","23-8-16-17-41-L9","nic","nic",NA
"57948","19-8-22-8-20-75","nic","nic",NA
"57954","23-8-20-12-54-52","nic","nic",NA
"57955","19-8-18-7-17-L6","nic","nic",NA
"57966","19-8-21-12-43-23","nic","nic",NA
"57981","24-8-18-13-37-22","nic","nic",NA
"58000","22-8-17-18-7-17","nic","nic",NA
"58002","24-8-18-14-49-34","nic","nic",NA
"58006","24-8-18-14-53-38","nic","nic",NA
"58007","19-8-22-10-39-84","nic","nic",NA
"58008","23-8-20-14-48-76","nic","nic",NA
"58015","24-8-18-15-1-46","nic","nic",NA
"58016","24-8-18-15-2-47","nic","nic",NA
"58020","24-8-18-15-19-49","nic","nic",NA
"58021","24-8-18-15-21-50","nic","nic",NA
"58035","19-8-22-10-41-19","nic","nic",NA
"58036","23-8-20-15-26-90","nic","nic",NA
"58038","24-8-18-15-31-56","nic","nic",NA
"58048","24-8-18-8-43-50","nic","nic",NA
"58058","19-8-21-13-43-88","nic","nic",NA
"58074","19-8-21-14-51-L1","nic","nic",NA
"58078","19-8-21-14-51-L6","nic","nic",NA
"58079","19-8-21-15-4-L5","nic","nic",NA
"58081","24-8-18-17-19-86","nic","nic",NA
"58115","19-8-17-8-2-22","nic","nic",NA
"58120","23-8-17-12-2-88","nic","nic",NA
"58140","19-8-21-10-28-90","nic","nic",NA
"58146","23-8-18-19-19-34","nic","nic",NA
"58148","23-8-19-7-15-L9","nic","nic",NA
"58152","19-8-17-8-51-51","nic","nic",NA
"58169","19-8-18-18-20-L7","nic","nic",NA
"58174","23-8-15-12-8-66","nic","nic",NA
"58217","23-8-15-12-47-88","nic","nic",NA
"58268","23-8-19-10-20-25","nic","nic",NA
"58275","19-8-21-17-56-92","nic","nic",NA
"58288","19-8-22-9-5-8","nic","nic",NA
"58301","19-8-22-9-18-20","nic","nic",NA
"58305","23-8-15-7-9-2","nic","nic",NA
"58318","19-8-22-9-32-37","nic","nic",NA
"58346","23-8-15-8-2-33","nic","nic",NA
"58360","23-8-18-18-33-90","nic","nic",NA
"58368","19-8-17-8-18-33","nic","nic",NA
"58378","23-8-18-16-35-6","nic","nic",NA
"58382","19-8-22-10-44-91","nic","nic",NA
"58397","23-8-13-12-34-90","nic","nic",NA
"58398","24-8-17-7-26-44","nic","nic",NA
"58429","19-8-22-12-7-17","nic","nic",NA
"58475","19-8-17-7-55-19","nic","nic",NA
"58511","23-8-15-11-34-45","nic","nic",NA
"58568","19-8-18-7-32-L7","nic","nic",NA
"58585","23-8-20-8-58-L6","nic","nic",NA
"58634","24-8-17-17-58-96","nic","nic",NA
"58635","24-8-18-9-14-64","nic","nic",NA
"58637","24-8-17-18-10-L2","nic","nic",NA
"58652","19-8-17-17-48-41","nic","nic",NA
"58705","19-8-22-9-11-87","nic","nic",NA
"59976","19-8-21-12-0-1","Centaurea_jacea","Pieris_sp",NA
"59984","22-8-17-10-23-69","Leontodon_hispidus","Pieris_rapae",NA
"63696","23-8-14-16-49-89","Potentilla_erecta","Sarcophagidae",NA
"65092","19-8-22-7-33-65","Sanguisorba_officinalis","Sarcophagidae",NA
"65587","19-8-22-9-27-L9","Lycopus_europaeus","Sarcophagidae",NA
"67420","19-8-22-8-18-73","Hypericum_sp","Scathophagidae",NA
"67421","19-8-22-8-18-73","Hypericum_sp","Scathophagidae",NA
"67829","22-8-18-17-48-13","Succisa_pratensis","Sericomyia_silentis",NA
"73044","19-8-18-18-43-L3","Sanguisorba_officinalis","Sympetrum_sanguineum",NA
"75086","19-8-21-17-51-32","Achillea_ptarmica","Tenthredinidae",NA
